DEPTH,GR,RHOB,Vp,Vsh,Caliper,Porosity,Resistivity,Stress,PP
5.9488,57.2497,1.1403,1.4555,0.031487862,16.375,98.6901,0.3854,66477.48307,1416
6.1012,58.0232,1.1646,1.4641,0.045050542,16.375,98.4876,0.3868,69633.4837,1418
6.2536,58.4017,1.1722,1.4807,0.051687225,16.375,96.7109,0.3883,71838.60522,1416
6.406,57.8563,1.1669,1.4952,0.042124089,16.375,89.3888,0.394,73256.58172,1417.5
6.5584,59.6864,1.1744,1.4935,0.074213373,16.375,96.5532,0.4058,75481.41261,1418
6.7108,61.5306,1.1688,1.4792,0.106549889,16.375,96.2671,0.3974,76867.11379,1418
6.8632,63.4081,1.1777,1.4669,0.139470293,16.375,92.7018,0.3823,79211.34827,1418.506
7.0156,64.7896,1.1515,1.4635,0.163693748,16.375,89.3489,0.3818,79168.94132,1418
7.168,64.4834,1.1413,1.4638,0.158324785,16.375,88.4023,0.3934,80172.21632,1420.506
7.3204,61.8807,1.1268,1.4626,0.112688602,16.375,95.7097,0.3878,80836.54186,1420
7.4728,59.8362,1.1299,1.4606,0.076839992,16.375,95.7594,0.3637,82746.46386,1420
7.6252,60.6203,1.146,1.4613,0.090588534,16.375,98.8485,0.3726,85637.09616,1420
7.7776,64.2735,1.1671,1.4649,0.154644363,16.375,94.3733,0.3872,88956.92221,1419
7.93,66.6077,1.1839,1.4658,0.195572622,16.375,85.2816,0.3995,92005.6046,1422
8.0824,68.185,1.2028,1.4635,0.223229268,16.375,97.9606,0.396,95270.80506,1421
8.2348,66.9513,1.1967,1.4638,0.201597363,16.2975,94.8209,0.389,96574.93457,1422
8.3872,66.6788,1.1813,1.466,0.196819302,16.375,92.9782,0.3887,97096.43373,1422
8.5396,64.5707,1.1656,1.4677,0.159855518,16.375,93.7157,0.3865,97546.82605,1422
8.692,66.9366,1.1559,1.4692,0.201339611,16.375,96.7122,0.3725,98461.41144,1423
8.8444,67.1062,1.1381,1.4697,0.204313406,16.375,95.6508,0.3771,98644.95407,1423
8.9968,69.4928,1.1187,1.4684,0.246160455,16.375,94.9866,0.3713,98634.25757,1423
9.1492,69.5564,1.1051,1.4656,0.247275628,16.375,94.7036,0.357,99085.65302,1423
9.3016,71.1862,1.102,1.4655,0.275852818,16.375,96.019,0.3678,100453.5594,1425
9.454,69.9964,1.089,1.4695,0.254990663,16.375,85.4441,0.3718,100894.9788,1425
9.6064,68.5324,1.0828,1.4707,0.229320639,16.375,95.3873,0.3702,101937.7372,1424
9.7588,64.9903,1.0824,1.4695,0.167212856,16.375,96.8305,0.3653,103516.6662,1425
9.9112,64.7067,1.0912,1.4705,0.162240166,16.375,86.3974,0.375,105987.9941,1425
10.0636,64.9244,1.1068,1.4703,0.166057354,16.375,87.5871,0.3855,109156.2463,1426
10.216,66.3826,1.1306,1.4671,0.191625681,15.5004,91.5962,0.3929,113192.0541,1427
10.3684,66.9629,1.1458,1.4667,0.201800759,16.375,93.3212,0.379,116425.1047,1428
10.5208,68.3606,1.1589,1.4686,0.226308268,14.4275,92.4932,0.3783,119487.0402,1426
10.6732,66.0143,1.1699,1.4678,0.185167846,11.2508,89.8287,0.3867,122368.4515,1426.004
10.8256,66.538,1.1764,1.4676,0.194350491,10.3325,81.6023,0.4041,124805.3112,1426
10.978,65.6424,1.1706,1.4688,0.178646888,10.2156,86.7042,0.3812,125938.2986,1429
11.1304,70.748,1.1618,1.4688,0.268169345,14.3514,91.3874,0.392,126726.7275,1427
11.2828,70.3181,1.165,1.4693,0.260631405,15.824,86.568,0.3944,128815.7276,1427
11.4352,69.4881,1.1755,1.4715,0.246078045,15.2127,96.0261,0.3676,131732.3605,1426.498
11.5876,67.525,1.1713,1.4737,0.211656716,14.8359,93.8384,0.4144,133011.0476,1429
11.74,67.8827,1.1661,1.472,0.217928689,15.5024,92.2248,0.4363,134162.1372,1428
11.8924,68.3606,1.1567,1.4691,0.226308268,16.3699,96.3016,0.4106,134808.203,1429
12.0448,68.8684,1.1478,1.4722,0.23521212,16.375,89.1259,0.3971,135485.2101,1430
12.1972,69.0223,1.1391,1.4753,0.237910628,16.375,85.7802,0.4061,136159.5391,1429
12.3496,68.5919,1.1343,1.4744,0.230363922,16.375,97.0901,0.4121,137279.8825,1430
12.502,67.8077,1.1337,1.4724,0.216613626,16.375,84.4936,0.3883,138900.4705,1428
12.6544,68.4759,1.1347,1.4668,0.228329958,16.375,93.7016,0.4184,140717.6873,1430.988
12.8068,70.0733,1.1341,1.4652,0.256339041,16.2825,92.5336,0.4251,142337.0804,1429
12.9592,69.9969,1.1274,1.471,0.25499943,15.239,93.0826,0.4141,143179.9804,1429
13.1116,68.3851,1.1237,1.4738,0.226737855,11.1482,94.2822,0.4231,144388.3482,1430
13.264,70.0956,1.1253,1.4729,0.256730053,10.578,93.0547,0.4199,146274.5962,1431
13.4164,70.3594,1.14,1.4737,0.261355567,11.0558,88.2563,0.4153,149888.0208,1430
13.5688,71.8227,1.1432,1.4752,0.287013317,12.1506,90.985,0.4201,152016.1512,1430
13.7212,70.4827,1.1354,1.4752,0.26351753,15.8345,97.5967,0.4123,152674.6947,1431
13.8736,72.465,1.1269,1.4752,0.298275514,16.375,94.0678,0.4104,153214.7664,1433
14.026,71.2403,1.1252,1.4764,0.276801417,16.375,77.7005,0.4235,154664.141,1433
14.1784,70.4121,1.1233,1.4769,0.262279617,16.375,98.246,0.4151,156080.6479,1433.5
14.3308,67.7745,1.1274,1.4761,0.216031491,16.375,94.5387,0.4117,158334.1304,1434
14.4832,65.9537,1.1426,1.4763,0.184105275,16.375,88.874,0.4113,162175.3423,1434
14.6356,64.6353,1.1614,1.4761,0.160988226,16.375,95.4903,0.4089,166578.3012,1434.5
14.788,64.0017,1.1971,1.4734,0.149878576,16.375,80.8549,0.4075,173486.605,1434
14.9404,64.0551,1.2435,1.4726,0.150814901,15.2025,93.7056,0.4059,182068.1965,1434
15.0928,66.4796,1.2812,1.4744,0.193326495,14.4854,85.0291,0.4028,189501.5745,1436
15.2452,66.9427,1.2999,1.4757,0.201446569,14.5895,92.8634,0.399,194208.9077,1434
15.3976,67.9511,1.2991,1.4765,0.219128026,14.7368,80.1215,0.3979,196029.6172,1434
15.55,65.4812,1.2956,1.4778,0.17582038,14.8533,85.1271,0.3996,197436.484,1435
15.7024,68.3851,1.3127,1.4789,0.226737855,14.5702,96.2194,0.4012,202002.8967,1435
15.8548,71.2821,1.3167,1.4784,0.277534345,14.4097,93.0409,0.4015,204584.9486,1434.5
16.0072,72.6913,1.3356,1.4767,0.302243497,14.2231,90.8799,0.4094,209516.3199,1434
16.1596,70.3173,1.3166,1.4753,0.260617378,14.2711,93.4331,0.4262,208502.1477,1434.5
16.312,69.7395,1.2889,1.4746,0.250486135,14.5448,96.0122,0.4183,206040.4606,1434
16.4644,70.025,1.2572,1.4738,0.25549214,15.711,93.6058,0.4175,202850.6281,1434
16.6168,70.9862,1.2161,1.4735,0.272345984,16.375,95.5988,0.4196,198035.3667,1435.004
16.7692,70.7566,1.2034,1.4749,0.268320139,16.375,94.2982,0.414,197764.5417,1434
16.9216,71.5293,1.2031,1.4767,0.281868792,16.375,93.5676,0.4135,199512.0942,1436
17.074,70.4401,1.2302,1.4777,0.262770574,16.375,96.003,0.4146,205843.461,1436
17.2264,70.5915,1.2479,1.4773,0.265425247,16.375,86.0633,0.4105,210668.8807,1434
17.3788,68.8583,1.2566,1.4771,0.235035025,16.318,93.4039,0.4115,214014.3608,1435
17.5312,67.255,1.2674,1.4789,0.20692249,15.5193,86.07,0.4093,217746.6202,1437
17.6836,64.9128,1.2663,1.4812,0.165853958,14.3389,81.9025,0.4032,219448.8783,1435
17.836,65.651,1.2575,1.4811,0.178797682,13.3146,92.8904,0.4117,219801.946,1437
17.9884,60.5715,1.2223,1.4796,0.089732867,12.209,87.4504,0.4162,215474.7689,1436.5
18.1408,60.5056,1.1909,1.48,0.088577365,11.6825,91.0844,0.4138,211718.0115,1436.5
18.2932,59.1736,1.1779,1.4822,0.065221851,13.0049,92.3044,0.4061,211166.0907,1436.5
18.4456,66.7916,1.1862,1.4833,0.198797156,15.6945,91.3717,0.4059,214425.6731,1438
18.598,65.0167,1.2091,1.4823,0.167675758,16.1015,95.8277,0.4144,220371.0496,1437.5
18.7504,66.7484,1.2119,1.48,0.19803968,16.375,95.6657,0.4295,222691.3756,1439
18.9028,66.7197,1.2152,1.4778,0.197536449,16.375,90.1028,0.419,225112.6891,1437
19.0552,70.2194,1.2137,1.4766,0.258900783,16.375,94.2378,0.4125,226647.5032,1438
19.2076,67.8656,1.2187,1.4767,0.217628854,16.375,88.3523,0.4183,229401.3608,1440
19.36,69.1341,1.2208,1.4775,0.239870949,16.375,83.0656,0.4161,231619.9424,1438.5
19.5124,68.2894,1.2365,1.4784,0.225059835,16.2816,93.7379,0.4197,236445.4095,1439.502
19.6648,71.7846,1.2472,1.4796,0.286345265,14.9895,93.7629,0.4325,240354.1979,1439
19.8172,71.7862,1.2554,1.4815,0.28637332,13.5482,80.0648,0.4374,243809.4262,1440.5
19.9696,75.0861,1.2607,1.4831,0.344234327,13.1531,88.6724,0.4538,246721.6123,1439.5
20.122,74.9075,1.2576,1.4834,0.341102724,12.4142,85.9466,0.4631,247993.1866,1439
20.2744,76.0403,1.2317,1.4824,0.360965431,11.4546,84.6496,0.4407,244725.3891,1440
20.4268,77.109,1.1956,1.4813,0.379704199,11.0471,87.3149,0.4375,239338.3644,1440
20.5792,78.0172,1.1799,1.4801,0.395628731,11.2283,88.4842,0.4458,237957.7012,1439
20.7316,77.437,1.1759,1.4794,0.385455406,12.2484,89.1376,0.4619,238907.2267,1441
20.884,78.6419,1.191,1.4801,0.406582327,10.3764,86.885,0.4635,243753.8712,1440
21.0364,78.7691,1.2037,1.4815,0.408812674,10.3759,83.4549,0.4522,248150.8439,1441.5
21.1888,80.6057,1.2296,1.4826,0.44101593,11.3147,81.6637,0.4368,255326.7351,1441.996
21.3412,77.2815,1.2399,1.482,0.382728843,11.4026,77.8823,0.4235,259317.348,1440.012
21.4936,76.338,1.2632,1.4808,0.366185354,11.3588,76.7932,0.4341,266077.0121,1442
21.646,75.1371,1.2724,1.4803,0.345128569,10.939,81.7399,0.431,269915.2299,1443
21.7984,76.7961,1.2932,1.4797,0.374217757,10.3777,80.6498,0.4398,276258.9706,1443
21.9508,78.8538,1.313,1.4792,0.410297818,10.3397,84.8593,0.4681,282449.7239,1443
22.1032,79.5138,1.3388,1.4787,0.42187037,11.5774,86.0165,0.4578,289999.2888,1443
22.2556,80.5734,1.3531,1.4773,0.440449576,12.9936,85.8383,0.4562,295117.7131,1443
22.408,82.729,1.3627,1.476,0.478246232,13.5178,87.0808,0.4424,299246.7397,1445
22.5604,82.2083,1.3576,1.4757,0.46911619,13.4085,91.4162,0.4155,300154.3906,1445
22.7128,82.7593,1.3566,1.4749,0.478777518,13.4992,88.908,0.4193,301959.4079,1445
22.8652,78.9991,1.3482,1.4733,0.412845533,13.6897,89.1463,0.4409,302103.2539,1445
23.0176,78.6479,1.3533,1.4738,0.406687532,13.7357,87.8625,0.4597,305267.2372,1445
23.17,75.1613,1.3576,1.4762,0.345552896,13.5869,86.4619,0.463,308264.8016,1444
23.3224,77.8416,1.3631,1.4776,0.392549731,13.4597,75.4595,0.454,311549.4817,1444
23.4748,77.1806,1.3687,1.4788,0.380959645,13.3835,84.352,0.4538,314873.5958,1445
23.6272,78.587,1.3774,1.4802,0.405619701,13.4194,91.2638,0.4428,318932.2317,1445
23.7796,76.2111,1.3821,1.4809,0.363960268,13.2448,85.7549,0.4499,322084.6946,1446
23.932,77.5836,1.3795,1.4815,0.388025916,12.9571,87.7889,0.4251,323539.1012,1447
24.0844,78.4896,1.3667,1.4818,0.403911873,12.7284,87.9843,0.4395,322578.2649,1448
24.2368,79.0717,1.3576,1.4807,0.414118513,12.7114,89.9614,0.4348,322458.0209,1447
24.3892,81.4357,1.3511,1.4793,0.455569291,12.3583,85.5232,0.4266,322932.0316,1446.5
24.5416,81.6078,1.3658,1.4785,0.458586921,12.322,86.6594,0.4321,328485.3893,1447.5
24.694,82.3258,1.3689,1.4782,0.471176455,11.6414,88.4025,0.4366,331275.4427,1445
24.8464,79.0264,1.3662,1.4771,0.413324216,11.0016,84.0147,0.4493,332662.4865,1448
24.9988,78.7721,1.3601,1.4755,0.408865276,10.8015,79.8551,0.4449,333208.5052,1445
25.1512,78.4602,1.3602,1.4746,0.403396369,10.7186,79.2729,0.4444,335264.49,1447.5
25.3036,79.9508,1.3671,1.4739,0.429532802,10.7494,79.473,0.4534,339007.0053,1449.494
25.456,80.193,1.3725,1.4735,0.433779578,10.5434,81.6804,0.4458,342395.928,1449
25.6084,80.2686,1.3746,1.4735,0.435105161,10.8658,83.1982,0.4368,344972.8051,1447.506
25.7608,80.1627,1.371,1.4732,0.433248293,11.4857,75.1815,0.4253,346116.9566,1447
25.9132,80.1122,1.3659,1.4727,0.432362817,11.9335,86.4814,0.4191,346869.4308,1450
26.0656,79.648,1.3565,1.4723,0.424223455,12.4132,90.065,0.4283,346508.2667,1448.5
26.218,80.6521,1.3378,1.4724,0.441829515,12.2543,81.6105,0.4308,343729.5159,1450
26.3704,80.193,1.3292,1.473,0.433779578,12.2229,84.9089,0.4501,343505.0497,1450.5
26.5228,81.1012,1.337,1.4747,0.449704111,11.8139,79.0971,0.456,347517.6393,1451
26.6752,79.4512,1.372,1.4775,0.420772731,10.8492,82.343,0.4623,358664.0691,1450
26.8276,80.3908,1.4055,1.4804,0.437247837,10.4719,80.0594,0.4566,369520.6796,1451
26.98,79.8105,1.4314,1.4826,0.427072758,10.3031,77.9546,0.4603,378467.8856,1452
27.1324,80.8096,1.4394,1.4828,0.444591147,10.2648,75.2071,0.4609,382732.8903,1452
27.2848,78.49,1.4368,1.4815,0.403918887,10.2861,77.4759,0.4428,384187.4463,1451
27.4372,80.309,1.4296,1.4803,0.435813542,10.2075,78.6882,0.4509,384397.367,1452
27.5896,78.9739,1.4333,1.4797,0.412403672,10.1513,76.4467,0.4774,387532.9021,1451.5
27.742,80.4462,1.4397,1.4799,0.43821923,10.1923,77.3156,0.4835,391413.5425,1451
27.8944,79.4537,1.433,1.4798,0.420816566,10.3327,75.4738,0.4656,391732.217,1451
28.0468,81.2883,1.421,1.4791,0.452984754,10.6281,78.4747,0.4455,390574.1274,1452.5
28.1992,81.0548,1.403,1.4781,0.448890525,10.6759,78.2532,0.458,387722.0805,1452.012
28.3516,80.5058,1.4023,1.4772,0.439264266,10.8034,75.6146,0.4813,389622.9971,1451
28.504,77.4814,1.4087,1.477,0.386233923,10.7084,75.6272,0.4803,393505.131,1455
28.6564,74.9786,1.4222,1.4786,0.342349403,10.6576,74.1465,0.4632,399400.2944,1452
28.8088,76.5201,1.4285,1.4817,0.369378326,10.5829,74.192,0.4715,403303.0338,1453.5
28.9612,79.759,1.4317,1.4836,0.426169748,10.6624,77.7025,0.4931,406344.7504,1454.988
29.1136,82.4434,1.427,1.4821,0.473238473,10.7304,76.0617,0.4834,407142.0506,1453
29.266,80.806,1.4202,1.4789,0.444528024,10.8879,77.3724,0.4673,407323.0174,1455
29.4184,82.2163,1.4138,1.4765,0.469256464,11.0512,71.3274,0.4825,407598.9924,1454
29.5708,83.9975,1.4168,1.476,0.500488327,11.3974,69.4568,0.4876,410579.9125,1454
29.7232,84.0984,1.4235,1.4771,0.502257524,11.5095,69.9872,0.4667,414647.557,1454
29.8756,82.3283,1.437,1.4798,0.471220291,11.3796,69.8331,0.4794,420726.1246,1455
30.028,83.9935,1.469,1.4833,0.50041819,10.9059,76.6688,0.452,432289.0936,1456
30.1804,84.8311,1.5009,1.4855,0.51510481,10.5096,68.8435,0.447,443918.0711,1455
30.3328,86.8145,1.5298,1.4858,0.549882083,10.2858,74.8705,0.4493,454750.5509,1455
30.4852,84.2431,1.5408,1.4846,0.504794719,10.4625,71.8723,0.4475,460321.6424,1456
30.6376,84.667,1.5588,1.4822,0.512227453,10.6359,74.1439,0.4418,468027.3306,1456
30.79,84.6212,1.5598,1.4803,0.511424388,10.7036,74.2793,0.4555,470657.1716,1457
30.9424,87.0108,1.561,1.4805,0.55332404,10.7207,67.5644,0.4849,473350.6467,1453.5179
31.0948,86.1758,1.5545,1.4828,0.538683009,10.7248,70.5099,0.5292,473701.2927,1453.5179
31.2472,85.105,1.5477,1.485,0.51990742,10.7731,67.0076,0.4981,473940.6561,1456
31.3996,81.5679,1.5262,1.4858,0.457887308,10.8426,69.6822,0.5108,469636.2813,1457
31.552,82.8117,1.508,1.4865,0.479696308,10.7831,75.8251,0.4759,466288.0768,1458
31.7044,83.4556,1.5121,1.488,0.49098656,10.7456,73.1791,0.4959,469814.1878,1457
31.8568,85.098,1.4914,1.49,0.51978468,10.5671,73.6794,0.5013,465610.0689,1457
32.0092,86.9019,1.518,1.4924,0.551414569,10.5578,71.6578,0.4794,476181.6629,1458
32.1616,89.9899,1.5256,1.4944,0.605560085,10.398,71.2843,0.4906,480844.2222,1456
32.314,91.9653,1.5809,1.4955,0.640197084,10.5209,68.9736,0.477,500634.9855,1458
32.4664,90.7619,1.5868,1.496,0.619096464,10.6281,69.202,0.4917,504873.2985,1458
32.6188,88.791,1.5902,1.4955,0.584538369,10.7985,63.7312,0.4993,508330.0744,1459
32.7712,88.3419,1.5841,1.4948,0.576663774,10.885,71.5009,0.4871,508746.0076,1461
32.9236,90.0525,1.5858,1.494,0.606657724,10.9644,63.1127,0.4796,511660.3998,1462
33.076,90.3444,1.5784,1.4921,0.611775948,10.7941,63.2376,0.454,511630.1523,1461
33.2284,92.9335,1.5686,1.4903,0.657173667,10.659,71.197,0.5108,510796.2688,1461.5
33.3808,91.4724,1.5466,1.4877,0.631554492,10.5149,70.4282,0.4713,505942.1037,1461.502
33.5332,91.0658,1.5281,1.4839,0.624425098,10.7349,69.6863,0.4805,502172.4126,1461
33.6856,89.3086,1.5125,1.4798,0.593614055,10.8565,75.6079,0.4849,499304.806,1460
33.838,89.62,1.4972,1.4762,0.599074196,10.8364,73.2725,0.5037,496490.0853,1462.5
33.9904,87.7364,1.5108,1.4755,0.566046834,10.7962,72.9125,0.5035,503256.4239,1460.5
34.1428,86.2638,1.5066,1.4772,0.540226015,10.708,78.4804,0.4936,504107.5163,1460.5
34.2952,83.2579,1.4949,1.4792,0.487520055,10.7042,70.8945,0.499,502425.3659,1462
34.4476,81.5222,1.465,1.481,0.457085996,10.6957,76.603,0.5166,494564.1932,1462
34.6,77.4464,1.4488,1.4813,0.385620227,10.6108,78.8677,0.5283,491259.104,1461
34.7524,79.304,1.4444,1.4805,0.418191701,10.5485,80.7291,0.5132,491924.3923,1462
34.9048,79.6795,1.433,1.4804,0.424775782,10.4854,73.328,0.5042,490182.0683,1461.5
35.0572,83.366,1.438,1.4803,0.489415498,10.4921,78.0406,0.5407,494040.0853,1461
35.2096,82.979,1.4407,1.4802,0.482629775,10.4488,78.1306,0.509,497119.4131,1463
35.362,84.404,1.4615,1.4824,0.507615967,10.5396,78.9311,0.5307,506479.3174,1461
35.5144,82.6697,1.4614,1.4857,0.477206456,10.5022,71.6654,0.5065,508627.2928,1460.498
35.6668,82.5832,1.4736,1.487,0.47568975,10.4367,72.1448,0.5188,515074.2455,1462
35.8192,82.9895,1.4922,1.4865,0.482813884,10.4241,70.1029,0.5439,523804.2204,1465
35.9716,83.0349,1.5307,1.4864,0.483609935,10.5511,70.3155,0.5038,539604.9356,1463
36.124,82.0423,1.557,-999.25,0.466205518,10.7431,68.8699,0.4783,551201.6664,1465
36.2764,83.6147,1.5638,-999.25,0.493776246,10.7719,71.1774,0.5104,555944.5363,1464
36.4288,84.1554,1.5416,-999.25,0.503256972,10.793,69.4111,0.5306,550354.6532,1464
36.5812,85.2972,1.5243,-999.25,0.523277487,10.7818,70.4222,0.5198,546455.087,1461.5179
36.7336,84.2938,1.5079,-999.25,0.505683701,10.8253,71.7439,0.5188,542827.8353,1463
36.886,85.8124,1.4891,-999.25,0.532311091,10.4442,74.2033,0.5164,538284.0375,1467
37.0384,81.6126,1.5014,-999.25,0.458671085,10.2722,71.5623,0.5268,544972.6468,1466
37.1908,81.1073,1.5097,-999.25,0.449811069,10.3643,73.0132,0.5352,550240.1174,1467
37.3432,80.8992,1.5322,-999.25,0.446162209,10.6702,71.0005,0.5018,560729.0602,1466.0079
37.4956,86.7333,1.5226,1.5198,0.548458308,10.5762,70.6295,0.5213,559489.8455,1466.5
37.648,85.9714,1.5179,1.4999,0.535099024,10.2035,79.0766,0.5405,560029.8122,1468
37.8004,85.7973,1.5206,1.4883,0.532046325,10.4605,77.8676,0.5257,563297.0248,1467.5
37.9528,85.3472,1.5305,1.487,0.524154195,10.5999,76.9429,0.531,569250.2519,1468
38.1052,86.0789,1.544,1.4855,0.536983947,10.5449,65.537,0.5516,576577.4022,1471
38.2576,87.8229,1.5517,1.4806,0.567563539,10.5465,62.9438,0.5536,581770.3156,1466.996
38.41,88.1502,1.5526,1.4756,0.573302473,10.659,71.8612,0.544,584426.5868,1469
38.5624,88.3333,1.5485,1.4737,0.57651298,10.7518,68.8034,0.524,585195.9887,1469
38.7148,87.6608,1.5413,1.4733,0.564721251,10.7153,66.9358,0.5223,584776.9882,1469.5
38.8672,87.7127,1.5289,1.4727,0.565631274,10.6353,70.2964,0.5075,582355.8084,1471
39.0196,87.7191,1.536,1.4723,0.565743493,10.932,67.4814,0.5326,587354.2349,1468
39.172,85.6208,1.5404,1.4751,0.528951544,11.1122,65.0949,0.5459,591337.3782,1470.5
39.3244,84.5374,1.5513,-999.25,0.509955025,11.1948,64.5765,0.5538,597838.6289,1469
39.4768,81.1163,1.5243,-999.25,0.449968877,10.9761,72.7037,0.5532,589709.9652,1470
39.6292,80.2759,1.5161,-999.25,0.435233161,10.8786,72.9317,0.5439,588801.9352,1471
39.7816,80.4604,1.5066,-999.25,0.438468215,10.9273,70.2167,0.5281,587362.5939,1470
39.934,83.5708,1.5157,-999.25,0.493006496,11.0513,67.4013,0.5481,593174.0452,1473
40.0864,86.9745,1.5196,-999.25,0.55268755,11.0677,66.3958,0.5375,596969.8757,1471.502
40.2388,85.3346,1.5363,-999.25,0.523933265,11.0294,69.8793,0.5347,605824.9107,1471
40.3912,84.6989,1.5492,1.5111,0.512786793,10.826,69.2845,0.5248,613225.661,1471
40.5436,81.2082,1.5615,1.4973,0.451580267,10.8168,66.0295,0.5214,620426.5477,1474.4821
40.696,82.7916,1.555,1.493,0.479343871,10.7384,68.7919,0.5186,620166.344,1471
40.8484,85.0218,1.5699,1.4938,0.518448577,10.9519,67.2638,0.5371,628453.451,1473
41.0008,88.234,1.5873,1.4947,0.574771837,11.0594,62.5554,0.5273,637789.5844,1471
41.1532,89.9505,1.6047,1.4961,0.604869239,11.0678,67.8684,0.5662,647177.6924,1473
41.3056,90.6267,1.6002,1.498,0.616725844,10.8717,70.1769,0.5365,647752.767,1472
41.458,91.7399,1.5951,1.5001,0.636244882,10.5382,70.1549,0.5748,648070.6268,1477
41.6104,92.2243,1.5917,1.5013,0.644738434,10.5047,69.0549,0.5396,649066.4821,1474.5
41.7628,92.6172,1.5925,1.5008,0.651627609,10.4758,68.0101,0.5625,651771.1382,1475
41.9152,92.499,1.5898,1.4994,0.64955507,10.5187,67.3499,0.5201,653040.4926,1476
42.0676,95.8557,1.5839,1.4981,0.708412018,10.4,67.6625,0.5465,652982.5421,1475
42.22,97.9403,1.5844,1.497,0.744963748,10.4283,73.8793,0.5341,655555.0064,1475
42.3724,97.8838,1.589,1.4959,0.743973068,10.4588,70.0436,0.5396,659831.4873,1475
42.5248,93.9004,1.588,1.4951,0.674127456,10.4664,68.8853,0.531,661787.9475,1476.5
42.6772,91.2847,1.5758,1.4942,0.628263328,10.4476,68.9145,0.514,659057.1712,1476.494
42.8296,90.0722,1.5764,1.4933,0.607003147,10.4512,71.0096,0.5258,661662.4981,1477
42.982,90.7644,1.5797,1.4933,0.6191403,10.4013,74.2863,0.5403,665406.9209,1476
43.1344,91.7345,1.5812,1.495,0.636150198,10.3984,73.9372,0.5369,668400.3101,1476
43.2868,91.7371,1.5777,1.4971,0.636195787,10.3563,70.2002,0.5229,669277.1267,1475
43.4392,88.9165,1.5692,1.4987,0.586738907,10.4741,69.7288,0.5239,668014.9679,1475.5
43.5916,87.9383,1.5608,1.4994,0.569586983,10.5345,69.7604,0.5356,666770.1389,1475.5
43.744,86.5709,1.5376,1.4996,0.545610759,10.4569,72.8794,0.5256,659155.5891,1476
43.8964,91.0566,1.5315,1.4994,0.624263784,10.3715,68.5229,0.5271,658827.8987,1476
44.0488,93.1657,1.5273,1.4987,0.661245101,10.3509,74.4811,0.5279,659302.176,1476
44.2012,93.7763,1.5419,1.4978,0.671951465,10.3944,70.1105,0.5117,667907.5367,1475.506
44.3536,91.2087,1.545,1.497,0.626930731,10.427,75.6125,0.5145,671557.8576,1477
44.506,87.4798,1.5591,1.4964,0.561547566,10.3682,70.2868,0.527,680015.1851,1478
44.6584,86.5255,1.5649,1.4956,0.544814708,10.3104,72.7006,0.5283,684882.1156,1477
44.8108,84.7645,1.58,1.4951,0.513937035,10.2547,71.5962,0.5271,693850.4272,1477
44.9632,84.2271,1.5965,1.4956,0.504514172,10.2182,68.8334,0.4957,703480.7382,1476.506
45.1156,85.1756,1.612,1.4971,0.521145332,10.2107,69.8625,0.5037,712718.2026,1478
45.268,85.725,1.6212,1.4992,0.530778605,10.2245,69.9555,0.5384,719207.1197,1479
45.4204,81.5231,1.6263,1.5012,0.457101777,10.1693,68.2983,0.5316,723898.5259,1479
45.5728,79.7124,1.6214,1.5023,0.425352656,10.1266,70.7272,0.5038,724139.0316,1479
45.7252,81.8034,1.6281,1.502,0.462016605,10.1116,69.3685,0.5243,729562.9416,1479
45.8776,88.1492,1.6323,1.5009,0.573284939,10.1344,73.2814,0.5218,733882.8635,1479.5
46.03,91.1424,1.6302,1.4997,0.625768216,10.2015,70.783,0.5269,735373.4388,1479.5
46.1824,88.1149,1.6288,1.4988,0.572683517,10.1514,72.6993,0.5044,737174.5526,1481
46.3348,89.1412,1.629,1.4977,0.590678835,10.0955,66.8803,0.5081,739698.0142,1482
46.4872,90.1594,1.6263,1.4952,0.608532127,10.0953,66.5334,0.4898,740900.9069,1482
46.6396,91.926,1.6085,1.4922,0.639507991,10.0407,68.7661,0.4995,735194.0067,1482
46.792,91.0112,1.5814,1.4901,0.623467733,10.0064,72.3756,0.5049,725169.3142,1481
46.9444,88.0115,1.5733,1.4889,0.570870484,10.0614,71.9498,0.4918,723804.7203,1481
47.0968,85.4936,1.5674,1.488,0.526721198,10.0078,71.4862,0.4888,723431.3383,1482.494
47.2492,83.0367,1.5757,1.4877,0.483641496,10.0455,74.2491,0.4822,729615.5315,1481
47.4016,84.3914,1.5637,1.4892,0.507395036,9.9906,77.8053,0.4966,726394.4428,1483
47.554,87.1439,1.5594,1.4917,0.555657838,9.9836,73.2022,0.49,726725.9345,1483
47.7064,86.3105,1.5661,1.4928,0.541044861,10.17,69.5484,0.4933,732187.3318,1483.502
47.8588,86.2676,1.5933,1.4932,0.540292645,10.4078,68.2019,0.4941,747283.5752,1483
48.0112,86.1591,1.6142,1.4946,0.538390188,10.3283,69.0358,0.4925,759496.8546,1484
48.1636,86.7878,1.6363,1.4967,0.54941392,10.2724,66.365,0.5035,772338.9671,1484
48.316,87.8222,1.6431,1.4981,0.567551266,10.1425,68.9215,0.4875,778002.5921,1485.5
48.4684,87.9869,1.6505,1.4978,0.570439143,10.3826,66.3097,0.4768,783971.5232,1485
48.6208,87.659,1.6389,1.497,0.564689689,10.4062,66.0002,0.4783,780909.3654,1482
48.7732,86.8289,1.6467,1.4967,0.550134575,10.5084,66.0164,0.4783,787085.3187,1484
48.9256,85.4449,1.6532,1.4967,0.525867284,10.4611,68.3909,0.4833,792661.2588,1485
49.078,87.0182,1.6507,1.4967,0.553453793,10.4689,66.8553,0.4904,793927.9351,1485
49.2304,85.8079,1.6382,1.4965,0.532232187,10.3874,67.8376,0.4946,790362.5645,1483.012
49.3828,84.58,1.6399,1.4961,0.51070198,10.5222,65.0678,0.4753,793631.9665,1485.5
49.5352,85.4338,1.6305,1.4953,0.525672655,10.5916,65.5984,0.4986,791518.0073,1484
49.6876,84.497,1.6293,1.4953,0.509246644,10.6633,64.8978,0.4912,793368.8655,1485
49.84,86.5532,1.6166,1.4968,0.545300404,10.4648,66.4092,0.4745,789599.1712,1486
49.9924,84.4895,1.6323,1.4988,0.509115138,10.4262,66.4003,0.4836,799705.4263,1486
50.1448,84.3368,1.6383,1.4985,0.50643767,10.3516,69.966,0.4796,805091.8132,1485.5
50.2972,83.3468,1.6552,1.4955,0.489078842,10.4484,65.6316,0.5062,815868.8693,1487
50.4496,82.4436,1.6673,1.494,0.47324198,10.5033,61.3455,0.4946,824323.2572,1487
50.602,82.9772,1.6751,1.4952,0.482598213,10.7086,62.5659,0.4871,830681.42,1488
50.7544,83.0035,1.6686,1.4976,0.483059362,10.8012,64.3081,0.504,829950.16,1487
50.9068,84.3356,1.655,1.4999,0.506416629,10.8729,63.1685,0.5097,825657.3892,1488
51.0592,86.1748,1.6407,1.5002,0.538665474,10.7562,64.4572,0.4889,820973.7285,1488
51.2116,87.9317,1.6368,1.4992,0.569471257,10.7069,67.3004,0.5077,821466.8394,1486.5
51.364,90.3779,1.6346,1.4984,0.612363343,10.6684,63.2475,0.5052,822804.0251,1488
51.5164,90.5369,1.6372,1.4987,0.615151276,10.8471,66.1546,0.4984,826557.9708,1489
51.6688,88.6516,1.6341,1.5007,0.582094106,10.9985,61.114,0.4857,827433.4636,1489
51.8212,87.7166,1.6344,1.5029,0.565699657,11.0559,61.4778,0.5046,830026.3789,1489.502
51.9736,88.92,1.6386,1.5036,0.586800277,10.8895,65.3285,0.4978,834606.6214,1490
52.126,89.3006,1.6331,1.502,0.593473782,10.7009,62.4013,0.5163,834244.3119,1489
52.2784,88.3924,1.6317,1.4994,0.577549249,10.6373,66.0152,0.5302,835966.1197,1490
52.4308,87.5825,1.6256,1.4983,0.563348325,10.7212,63.6817,0.5204,835268.7831,1489
52.5832,90.6978,1.6352,1.4989,0.617972524,10.8216,62.7941,0.544,842643.6767,1491
52.7356,92.2227,1.6284,1.5014,0.644710379,10.7794,66.8461,0.5386,841571.5802,1491
52.888,90.7029,1.6566,1.506,0.618061948,10.8641,66.2334,0.5173,858619.7558,1490
53.0404,88.3186,1.6735,1.5105,0.576255227,10.8192,61.2664,0.5277,869878.4721,1490.5
53.1928,86.881,1.6934,1.5128,0.551048105,10.8135,63.2075,0.5186,882751.5377,1492
53.3452,89.5058,1.6797,1.5125,0.597071794,10.7066,64.951,0.5312,878118.5379,1491
53.4976,92.7015,1.6822,1.5108,0.65310574,10.7322,62.0508,0.5207,881937.8947,1492
53.65,94.9126,1.7014,1.5062,0.691875542,10.764,62.5573,0.5246,894545.078,1493
53.8024,93.7318,1.7319,1.5012,0.671171195,10.7814,58.5394,0.5228,913167.6903,1492.5
53.9548,89.1947,1.7537,1.5007,0.591616913,10.9391,58.1004,0.5131,927281.221,1491
54.1072,86.475,1.7424,1.5032,0.543929232,11.0644,56.531,0.5286,923908.5757,1493
54.2596,84.6948,1.7054,1.5055,0.512714903,11.0447,61.0182,0.5179,906836.354,1493
54.412,84.5914,1.6729,1.5062,0.51090187,10.8798,61.2293,0.5211,892053.181,1491.506
54.5644,86.8317,1.6706,1.5052,0.55018367,10.729,63.1688,0.5319,893321.8091,1493
54.7168,88.405,1.6896,1.5026,0.57777018,10.7856,63.7922,0.5167,906005.1517,1494.494
54.8692,88.3546,1.6977,1.4998,0.576886457,10.7626,65.4507,0.5236,912884.1202,1495
55.0216,86.0108,1.7073,1.4986,0.535789871,10.7477,59.0875,0.5274,920596.1013,1493
55.174,84.3436,1.711,1.4995,0.506556903,10.717,62.0419,0.5316,925146.5972,1494
55.3264,88.2768,1.7212,1.5007,0.575522299,10.6916,62.4542,0.5201,933232.4369,1493
55.4788,88.8748,1.7191,1.5001,0.586007733,10.7208,64.3403,0.5186,934661.3298,1496
55.6312,89.341,1.7116,1.4996,0.594182162,10.6999,59.8584,0.5349,933139.9468,1495
55.7836,87.4791,1.6954,1.5005,0.561535292,10.6919,67.8,0.5125,926840.0513,1495
55.936,85.9199,1.6783,1.5029,0.534196014,10.613,64.0529,0.512,919998.4102,1495
56.0884,84.824,1.644,1.5069,0.514980318,10.3679,66.2832,0.531,903651.4301,1495.996
56.2408,84.3194,1.6081,1.5094,0.506132576,10.1226,68.7778,0.5458,886320.1387,1496
56.3932,86.3932,1.5816,1.5087,0.542494937,9.752,67.4315,0.5036,874076.5542,1495
56.5456,89.5832,1.5992,1.5053,0.598428938,9.7293,67.9334,0.5208,886191.6905,1496.5
56.698,90.6761,1.6097,1.5033,0.617592032,9.6579,69.6169,0.5345,894414.3519,1496.5
56.8504,92.1344,1.6206,1.5082,0.643162112,9.6245,67.3266,0.5263,902891.2308,1498
57.0028,91.8972,1.651,1.5167,0.639003007,9.7586,67.597,0.5282,922293.9034,1497
57.1552,91.102,1.711,1.521,0.625059835,10.0175,64.3573,0.5289,958366.9626,1497
57.3076,87.8727,1.7364,1.5193,0.568436741,10.2666,63.4455,0.5155,975187.3831,1495.506
57.46,84.5838,1.7284,1.5139,0.51076861,10.4177,61.7081,0.541,973275.8672,1496.498
57.6124,82.0127,1.7022,1.5086,0.465686507,10.4183,59.6859,0.5416,961064.7073,1498
57.7648,83.045,1.6944,1.5058,0.48378703,10.4954,61.0733,0.5198,959191.4358,1498
57.9172,82.0953,1.6722,1.5047,0.467134829,10.4988,60.4711,0.5042,949121.59,1499
58.0696,84.1027,1.65,1.5039,0.502332921,10.4529,63.838,0.5036,938985.432,1498.5
58.222,85.437,1.6246,1.5035,0.525728764,10.2125,68.0253,0.5046,926957.1198,1499
58.3744,88.9681,1.6266,1.5044,0.587643671,9.9723,66.4039,0.52,930527.6306,1498.506
58.5268,89.083,1.6377,1.5064,0.589658347,9.9966,68.1283,0.5413,939323.5355,1497
58.6792,88.6531,1.6556,1.5082,0.582120407,10.1646,63.5985,0.5257,952062.9785,1499.5
58.8316,88.434,1.677,1.5084,0.578278671,10.3012,67.4176,0.5259,966873.8134,1499
58.984,87.3463,1.6759,1.507,0.559206754,10.4758,66.9604,0.5256,968742.5989,1499
59.1364,86.951,1.6722,1.5057,0.552275497,10.5366,62.3115,0.522,969101.3032,1502
59.2888,87.495,1.648,1.5059,0.561814085,10.5536,67.1446,0.5268,957537.8355,1499
59.4412,87.8765,1.6449,1.5073,0.568503371,10.5389,65.7117,0.5185,958193.3328,1501
59.5936,86.7398,1.6497,1.5085,0.54857228,10.6203,64.7792,0.5225,963453.3068,1501
59.746,84.8113,1.6422,1.5084,0.514757634,10.5711,63.8723,0.5252,961525.8358,1501
59.8984,85.0626,1.6414,1.5073,0.519163971,10.461,64.6876,0.5223,963508.8908,1502
60.0508,84.9745,1.6374,1.5065,0.51761921,10.3581,68.5632,0.5255,963606.3632,1503
60.2032,85.0428,1.6389,1.5066,0.518816794,10.4101,66.0152,0.5053,966936.8399,1502
60.3556,85.5708,1.64,1.5068,0.528074836,10.5343,62.8946,0.5068,970035.2032,1500
60.508,86.57,1.6482,1.5066,0.545594978,10.5541,66.7923,0.5205,977346.9989,1502.5
60.6604,87.5896,1.6628,1.5058,0.563472818,10.6008,60.309,0.5149,988487.9086,1502
60.8128,89.4731,1.6731,1.5049,0.596498426,10.6279,61.9334,0.5247,997109.7777,1504
60.9652,88.7641,1.6731,1.504,0.5840667,10.7165,64.9396,0.5085,999608.586,1505
61.1176,88.3097,1.6605,1.5032,0.576099173,10.6715,62.302,0.5097,994560.593,1503
61.27,86.9713,1.656,1.5021,0.552631441,10.6618,66.561,0.5128,994338.576,1506
61.4224,88.4651,1.6511,1.5005,0.578823983,10.554,62.8289,0.5198,993862.3415,1502
61.5748,91.4968,1.6671,1.4982,0.631982326,10.5485,66.0628,0.5113,1005983.221,1502
61.7272,90.954,1.6609,1.4962,0.622464778,10.3533,65.2652,0.526,1004722.524,1505
61.8796,92.0948,1.662,1.4976,0.642467759,10.437,64.6772,0.5073,1007870.173,1503
62.032,91.4314,1.6503,1.5025,0.630835591,10.4432,63.7699,0.522,1003239.814,1502.5
62.1844,92.1658,1.6451,1.5077,0.643712685,10.5145,68.3287,0.5026,1002535.653,1501.012
62.3368,89.0255,1.6338,1.5103,0.588650132,10.4038,64.8131,0.5214,998089.4656,1505.494
62.4892,84.9976,1.632,1.5092,0.51802425,10.3288,67.1072,0.5156,999427.2691,1504
62.6416,83.8822,1.6356,1.5058,0.498466637,10.1506,65.2125,0.5169,1004074.689,1505
62.794,83.9939,1.6429,1.5034,0.500425204,10.1236,65.1922,0.5103,1011009.773,1505.5
62.9464,85.3124,1.6419,1.5027,0.523544006,10.1956,65.3546,0.5134,1012846.603,1504.502
63.0988,86.3745,1.6323,1.5026,0.542167048,10.2656,66.7283,0.5093,1009362.478,1506.498
63.2512,85.1235,1.6185,1.5026,0.520231802,10.269,66.1001,0.5122,1003246.259,1505
63.4036,85.7099,1.6102,1.5026,0.530513839,10.2024,66.3659,0.5003,1000506.272,1505
63.556,86.5122,1.6056,1.5032,0.544581503,10.1566,66.0017,0.5054,1000046.033,1506
63.7084,90.6023,1.6165,1.5046,0.616298011,10.1837,65.9672,0.5048,1009249.36,1506
63.8608,89.293,1.6148,1.5061,0.593340522,10.1052,62.9203,0.5275,1010599.714,1507
64.0132,82.2101,1.6345,1.5069,0.469147752,10.2091,68.0085,0.5088,1025369.839,1506
64.1656,80.1171,1.6296,1.507,0.432448734,10.1886,69.9081,0.5176,1024729.765,1505
64.318,83.1612,1.6318,1.5069,0.4858245,10.2572,66.4359,0.5042,1028550.302,1507
64.4704,90.2354,1.6244,1.5073,0.609864724,10.1134,68.6416,0.5026,1026312.034,1508
64.6228,92.7533,1.6258,1.5083,0.65401401,10.0791,66.5427,0.5052,1029624.733,1507.494
64.7752,92.7986,1.6264,1.5097,0.654808308,10.0258,67.4133,0.51,1032433.776,1508.5
64.9276,94.3826,1.6122,1.5109,0.682582433,10.0682,70.0808,0.5076,1025827.512,1509
65.08,93.9537,1.6089,1.5109,0.675062027,10.0764,67.768,0.5086,1026130.678,1510
65.2324,93.4852,1.6079,1.5099,0.666847269,10.1288,69.1561,0.5074,1027894.324,1507.5
65.3848,87.5252,1.6223,1.5092,0.562343617,10.0983,70.346,0.5108,1039522.858,1509
65.5372,84.414,1.6396,1.5083,0.507791308,10.1151,66.4403,0.5009,1053056.973,1508
65.6896,81.8652,1.6472,1.5063,0.463100217,10.126,66.7789,0.5052,1060398.309,1510
65.842,84.262,1.6476,1.5044,0.505126115,10.1186,67.6815,0.5189,1063116.536,1510
65.9944,84.6066,1.6339,1.5034,0.511168389,10.1139,67.6187,0.5224,1056716.852,1511
66.1468,85.3685,1.6355,1.5032,0.524527673,10.1336,67.8155,0.5306,1060194.296,1509
66.2992,87.1748,1.6329,1.5035,0.556199644,10.1609,67.9761,0.5062,1060947.644,1510
66.4516,89.2155,1.6346,1.5045,0.591981624,10.1821,73.0684,0.5127,1064493.497,1512.988
66.604,88.499,1.6235,1.5059,0.579418392,10.1741,69.5382,0.506,1059689.621,1510.5
66.7564,86.3652,1.6137,1.5074,0.54200398,10.1402,66.8709,0.5167,1055703.066,1512
66.9088,85.3136,1.6075,1.5082,0.523565047,10.1152,69.6003,0.5253,1054047.781,1512
67.0612,86.7265,1.6164,1.5083,0.548339076,10.1586,69.5669,0.5206,1062297.692,1511.5
67.2136,88.3942,1.6363,1.5082,0.577580811,10.1864,70.2775,0.5123,1077819.814,1512
67.366,89.1979,1.6615,1.5081,0.591673023,10.1792,69.221,0.5254,1096900.368,1513
67.5184,88.7816,1.6786,1.5075,0.584373548,10.1895,66.8702,0.5069,1110696.585,1512.5
67.6708,87.5071,1.6699,1.5063,0.562026249,10.1822,68.4415,0.5103,1107433.995,1514
67.8232,89.5708,1.6589,1.505,0.598211515,10.2114,66.0184,0.5221,1102616.684,1513
67.9756,92.2676,1.6616,1.5047,0.645497664,10.2799,70.0584,0.5164,1106892.918,1515
68.128,94.7262,1.6556,1.5057,0.688607173,10.2081,68.3299,0.5203,1105368.625,1513.494
68.2804,93.1164,1.6416,1.5078,0.660380667,10.2104,66.1582,0.5123,1098473.225,1514
68.4328,92.5083,1.6275,1.51,0.649718138,10.2471,66.7105,0.514,1091468.944,1514
68.5852,90.3397,1.6559,1.5097,0.611693538,10.2314,67.7712,0.5127,1112988.28,1513
68.7376,92.5801,1.6932,1.5079,0.650977092,10.3262,64.2362,0.5153,1140587.742,1513
68.89,90.7915,1.7028,1.5071,0.619615476,10.4936,62.4085,0.5267,1149597.742,1513
69.0424,90.9649,1.6903,1.5078,0.622655901,10.4444,60.2196,0.5238,1143683.213,1514
69.1948,89.6967,1.689,1.5091,0.600419067,10.4244,64.2371,0.5347,1145326.169,1513.0239
69.3472,87.6532,1.7031,1.5086,0.564587991,10.387,62.9903,0.5202,1157431.12,1518
69.4996,89.0666,1.7174,1.5054,0.589370786,10.5107,58.9688,0.5213,1169714.408,1515.5
69.652,87.4841,1.7277,1.5019,0.561622963,10.6595,63.5359,0.5172,1179310.052,1517
69.8044,89.8455,1.7265,1.5,0.603028151,10.7093,63.6782,0.5237,1181069.507,1518
69.9568,91.2075,1.7123,1.5,0.62690969,10.7209,65.5958,0.5214,1173912.881,1517
70.1092,90.1177,1.6848,1.5015,0.607800952,10.6453,64.9907,0.5186,1157575.806,1518
70.2616,93.9345,1.7005,1.5036,0.674725371,10.6745,62.8278,0.5261,1170902.538,1517.502
70.414,92.0777,1.7224,1.5066,0.642167925,10.6654,63.3089,0.5168,1188554.521,1519
70.5664,95.5122,1.7139,1.51,0.702389031,10.6319,64.0813,0.5192,1185248.779,1518.506
70.7188,92.7323,1.6867,1.513,0.653645792,10.6186,64.5041,0.5189,1168957.72,1518.004
70.8712,91.9619,1.676,1.5154,0.640137468,10.5794,65.8506,0.5153,1164045.286,1518.5
71.0236,88.8649,1.7037,1.5152,0.585834144,10.5993,65.729,0.5222,1185828.492,1520
71.176,88.0399,1.7196,1.5128,0.571368454,10.5394,64.2127,0.5337,1199463.646,1518
71.3284,89.6281,1.7207,1.5109,0.599216223,10.5246,66.336,0.5291,1202800.823,1520
71.4808,90.7836,1.6987,1.5095,0.619476956,10.5648,63.8038,0.5262,1189959.463,1519
71.6332,90.0829,1.6756,1.5083,0.607190763,10.5277,64.2438,0.5245,1176280.181,1519.502
71.7856,88.074,1.6474,1.5086,0.571966369,10.4853,67.4001,0.5174,1158944.055,1520
71.938,86.3549,1.6451,1.5111,0.541823378,10.4037,67.8566,0.5204,1159782.997,1518
72.0904,86.6403,1.6707,1.5168,0.54682763,10.4347,65.677,0.52,1180326.027,1521
72.2428,86.7866,1.7133,1.5251,0.549392879,10.5673,61.8724,0.5291,1212981.175,1520
72.3952,87.5057,1.7297,1.532,0.562001701,10.6035,64.1505,0.5196,1227175.379,1520
72.5476,87.6354,1.7239,1.5341,0.564275883,10.6507,60.0752,0.5243,1225635.115,1521
72.7,88.1694,1.7114,1.5319,0.573639129,10.5852,64.2708,0.5283,1219304.044,1521
72.8524,89.2305,1.7144,1.5261,0.592244637,10.6545,58.1074,0.5216,1224001.915,1521.5
73.0048,88.8499,1.6974,1.5185,0.585571132,10.7035,65.6433,0.529,1214399.806,1521
73.1572,93.1816,1.6746,1.5135,0.661523895,10.6305,62.5482,0.5425,1200588.662,1522
73.3096,88.2587,1.6623,1.5128,0.575204931,10.4794,66.1594,0.5248,1194252.971,1522
73.462,92.7747,1.6683,1.5143,0.654389241,10.3308,64.9006,0.5291,1201055.215,1522.494
73.6144,91.1053,1.682,1.5161,0.625117698,10.3223,61.2028,0.5423,1213430.324,1523
73.7668,97.7792,1.6929,1.517,0.742138993,10.3281,65.5424,0.5675,1223822.194,1521
73.9192,94.889,1.6962,1.5151,0.691461736,10.268,63.2858,0.5342,1228741.121,1522
74.0716,93.3372,1.6848,1.5126,0.664252211,10.2768,65.6145,0.574,1222999.15,1522.502
74.224,92.8376,1.6773,1.5115,0.65549214,10.2112,65.1396,0.5496,1220059.969,1522
74.3764,96.1162,1.6744,1.5116,0.712979669,10.1191,64.0733,0.5535,1220451.273,1521
74.5288,97.3284,1.679,1.513,0.73423459,10.0088,64.2466,0.5654,1226311.781,1525
74.6812,99.3008,1.6739,1.5173,0.768818986,9.9736,66.2504,0.5591,1225086.835,1525
74.8336,99.846,1.6682,1.5239,0.778378615,9.9244,64.7617,0.5762,1223406.633,1526
74.986,103.1762,1.6806,1.5279,0.836770907,9.9407,66.6917,0.5637,1235010.422,1523
75.1384,102.8231,1.7121,1.5287,0.830579592,10.0097,64.4799,0.5816,1260715.655,1524
75.2908,100.8188,1.7289,1.5282,0.795435856,10.0998,61.385,0.5839,1275668.588,1526
75.4432,98.7535,1.737,1.5265,0.759222535,10.1123,59.2964,0.5424,1284239.416,1524.5
75.5956,99.5511,1.7086,1.5246,0.773207789,9.9866,64.5487,0.5795,1265793.893,1525.5
75.748,97.6988,1.7133,1.5248,0.740729246,9.9481,63.7503,0.5852,1271834.674,1526
75.9004,96.2825,1.7194,1.5265,0.715895602,10.0126,64.3398,0.5854,1278930.848,1526
76.0528,93.2901,1.755,1.5282,0.663426352,10.1231,63.7386,0.5961,1308032.107,1527
76.2052,94.5975,1.7469,1.5299,0.686350526,10.1383,63.995,0.5928,1304604.066,1528
76.3576,98.6455,1.7329,1.5311,0.757328845,10.0549,63.4143,0.5812,1296736.833,1527.5
76.51,101.8811,1.7163,1.5298,0.814062404,9.9596,64.606,0.5857,1286878.307,1526
76.6624,103.7437,1.7359,1.5267,0.846721549,9.9652,69.0206,0.5743,1304166.95,1527.494
76.8148,104.3302,1.7434,1.5229,0.857005339,10.0025,64.5959,0.5909,1312405.439,1528
76.9672,104.1116,1.7246,1.5198,0.85317237,9.9329,64.1586,0.5684,1300828.805,1530
77.1196,102.4367,1.7079,1.5188,0.823804389,9.8796,65.6796,0.5812,1290783.135,1527.5
77.272,98.0535,1.7205,1.52,0.746948616,9.9239,65.0261,0.5847,1302875.465,1530
77.4244,96.9793,1.7525,1.5229,0.728113411,10.0217,62.1501,0.6003,1329725.358,1528
77.5768,96.2654,1.7694,1.5265,0.715595767,10.0215,62.0745,0.593,1345191.021,1528.5
77.7292,98.4357,1.7764,1.5288,0.753650176,10.1293,59.4595,0.5891,1353165.879,1529.494
77.8816,100.3201,1.7714,1.5297,0.786691565,10.219,60.1298,0.5859,1352002.769,1530
78.034,101.6032,1.7609,1.5303,0.809189658,10.2639,61.8887,0.6045,1346618.692,1528.5
78.1864,99.4385,1.7459,1.5307,0.771233441,10.0647,61.6368,0.5964,1337755.23,1529
78.3388,99.5522,1.7563,1.5308,0.773227076,9.9341,63.426,0.6309,1348347.058,1532
78.4912,101.574,1.7848,1.5304,0.808677661,10.0161,61.6963,0.6065,1372892.719,1529.5
78.6436,103.824,1.8042,1.5295,0.848129542,10.2494,58.9936,0.6178,1390510.075,1527.506
78.796,102.3458,1.8035,1.5283,0.822210533,10.2184,61.5033,0.5966,1392664.143,1530
78.9484,102.5037,1.8117,1.5262,0.824979178,10.1691,59.6287,0.6064,1401702,1530
79.1008,101.9778,1.8332,1.5228,0.815757958,10.2785,56.4112,0.5933,1421074.348,1532
79.2532,103.0121,1.8305,1.521,0.83389355,10.4093,58.723,0.6073,1421715.229,1531.5
79.4056,101.0595,1.7948,1.5222,0.79965633,10.3018,65.1973,0.6142,1396668.275,1530.506
79.558,100.3653,1.7665,1.5237,0.78748411,10.1114,62.3959,0.6058,1377284.229,1533.498
79.7104,99.4873,1.7749,1.5242,0.772089109,10.0769,61.1213,0.5894,1386484.292,1533
79.8628,98.7213,1.7929,1.5237,0.758657935,10.1177,62.6559,0.5918,1403222.938,1531
80.0152,99.3037,1.7838,1.5226,0.768869835,10.1059,60.3074,0.5898,1398764.915,1533
80.1676,98.6501,1.7779,1.5217,0.757409502,10.131,60.6476,0.5908,1396793.765,1534
80.32,97.7564,1.7855,1.5211,0.741739214,10.1952,63.2812,0.5911,1405431.328,1533.506
80.4724,96.6779,1.7842,1.5199,0.722828612,10.2135,59.1521,0.58,1407072.79,1533
80.6248,97.9116,1.7687,1.519,0.744460517,10.1574,61.5826,0.582,1397490.621,1534.494
80.7772,99.7235,1.7519,1.5196,0.77623068,10.1134,59.5277,0.5746,1386833.051,1533.012
80.9296,100.2636,1.7452,1.5212,0.785700885,9.9959,63.9024,0.5873,1384135.712,1534.5
81.082,98.9709,1.7553,1.5227,0.763034463,9.9992,60.8307,0.58,1394767.699,1534
81.2344,95.5954,1.7516,1.5232,0.703847874,9.9502,61.6847,0.5675,1394443.715,1535
81.3868,95.7481,1.7415,1.5232,0.706525341,9.9218,59.7985,0.5848,1389004.1,1533.012
81.5392,95.6621,1.7489,1.5244,0.705017403,9.9631,60.9231,0.5666,1397518.287,1535
81.6916,99.0984,1.7795,1.5255,0.76527007,10.0472,56.603,0.5696,1424627.982,1537
81.844,97.9063,1.8098,1.5252,0.744367586,10.1389,59.4713,0.5726,1451588.458,1537
81.9964,99.6485,1.8019,1.5251,0.774915617,10.0962,57.4165,0.5695,1447943.269,1536
82.1488,99.5879,1.7651,1.5258,0.773853046,9.9021,62.8043,0.5654,1421008.299,1536
82.3012,97.809,1.754,1.5242,0.742661512,9.854,59.4657,0.5569,1414691.787,1535
82.4536,95.3198,1.764,1.5192,0.699015456,9.8593,60.6853,0.5663,1425391.874,1537.5
82.606,94.7093,1.7811,1.5155,0.688310846,10.1049,58.6427,0.5765,1441869.557,1535
82.7584,95.8621,1.7737,1.5143,0.708524237,10.2556,60.8958,0.5524,1438528.026,1539
82.9108,97.0241,1.7372,1.5163,0.728898942,10.2301,64.467,0.5637,1411519.889,1536
83.0632,99.3794,1.736,1.5236,0.770197172,10.1526,64.5915,0.5613,1413137.609,1533.5179
83.2156,101.5483,1.734,1.5309,0.808227032,10.1528,64.847,0.5754,1414099.334,1536.012
83.368,101.3811,1.7612,1.5339,0.805295319,10.2421,60.5199,0.5712,1438911.672,1538
83.5204,99.0251,1.751,1.5364,0.763984815,10.164,60.4347,0.5734,1433193.36,1538
83.6728,97.4329,1.7749,1.5402,0.73606691,10.211,59.2235,0.5665,1455406.357,1537
83.8252,96.6465,1.7683,1.5443,0.722278039,10.1579,61.4401,0.5884,1452635.391,1539
83.9776,96.8124,1.7901,1.5473,0.725186958,10.2482,59.3537,0.585,1473217.357,1538.494
84.13,98.1748,1.798,1.5482,0.749075511,10.231,62.1693,0.5891,1482404.252,1538.5
84.2824,100.3492,1.8095,1.5484,0.78720181,10.2491,60.6187,0.595,1494588.227,1538
84.4348,102.3942,1.8093,1.5495,0.823059187,10.2435,65.7359,0.5741,1497125.26,1540.5
84.5872,102.9477,1.7936,1.5506,0.83276435,10.2222,62.1457,0.6003,1486812.899,1541.5
84.7396,100.0179,1.7878,1.5515,0.781392739,10.1609,61.5743,0.5869,1484675.077,1541
84.892,98.6253,1.7766,1.5529,0.756974654,10.0719,59.4945,0.6117,1478027.447,1536.5179
85.0444,97.8699,1.7913,1.5547,0.743729343,10.0747,59.229,0.6106,1492932.33,1540
85.1968,99.6353,1.7968,1.5565,0.774684166,10.1646,62.5751,0.6365,1500199.78,1542
85.3492,104.048,1.8064,1.5543,0.852057196,10.2279,58.3574,0.6088,1510912.99,1542
85.5016,107.4118,1.8104,1.5492,0.911038637,10.3051,55.4759,0.5911,1516962.547,1540
85.654,110.2137,1.8382,1.5501,0.960167627,10.3455,55.2177,0.6199,1543001.991,1541
85.8064,107.5895,1.8605,1.5608,0.914154459,10.3568,57.6042,0.6399,1564499.511,1540
85.9588,106.3997,1.8809,1.5758,0.893292303,10.2826,58.5048,0.6136,1584463.088,1540
86.1112,107.4849,1.8817,1.5833,0.912320384,10.1793,55.7915,0.6018,1587947.361,1542
86.2636,107.799,1.8764,1.5842,0.917827867,10.0385,54.3108,0.6181,1586277.187,1542.004
86.416,104.6703,1.8876,1.5893,0.86296871,10.0098,54.388,0.6028,1598564.648,1544
86.5684,102.15,1.9105,1.5978,0.818777342,10.083,55.3945,0.6008,1620811.496,1544
86.7208,102.919,1.948,1.5985,0.832261119,10.3289,54.4645,0.6098,1655534.76,1543.502
86.8732,106.0137,1.9652,1.5935,0.886524114,10.4643,48.6502,0.6258,1673087.484,1543
87.0256,104.5176,1.9134,1.5955,0.860291243,10.5072,49.3399,0.6349,1631844.874,1543
87.178,101.8482,1.8497,1.5972,0.81348553,10.499,59.1354,0.6233,1580280.837,1545
87.3304,100.4347,1.8002,1.5923,0.788700981,10.3844,57.776,0.6153,1540679.424,1544
87.4828,100.5179,1.7959,1.5873,0.790159824,10.3049,61.3224,0.6314,1539681.533,1544
87.6352,101.361,1.8143,1.5847,0.804942882,10.3377,59.2208,0.6268,1558166.125,1544.498
87.7876,101.9287,1.8152,1.5851,0.814897031,10.3638,58.7232,0.6161,1561650.105,1544.5
87.94,105.0914,1.8198,1.5863,0.870352349,10.3985,57.3579,0.6389,1568325.478,1544
88.0924,103.489,1.8063,1.5839,0.842255596,10.3666,61.5769,0.6141,1559388.761,1544
88.2448,101.8732,1.7944,1.5785,0.813923884,10.2779,59.3941,0.5985,1551795.397,1545
88.3972,99.6142,1.7841,1.5737,0.774314195,10.227,59.6457,0.6108,1545552.556,1545
88.5496,100.0257,1.7853,1.5707,0.781529506,10.1582,62.8582,0.6227,1549258.489,1548
88.702,100.983,1.7775,1.5693,0.798314966,10.2516,57.5763,0.603,1545144.489,1547
88.8544,100.4873,1.7846,1.5664,0.789623278,10.2967,56.0869,0.6104,1553981.71,1549
89.0068,101.3107,1.764,1.5617,0.804060914,10.1853,58.794,0.6111,1538678.353,1550
89.1592,100.073,1.7647,1.5611,0.782358872,10.0719,65.65,0.6023,1541924.554,1547.5
89.3116,99.7029,1.7602,1.5642,0.775869476,9.9195,59.4582,0.5969,1540621.528,1549
89.464,99.2023,1.7815,1.5648,0.76709187,9.943,62.5238,0.6008,1561925.137,1549
89.6164,100.6911,1.7712,1.5616,0.793196742,9.9259,58.5076,0.6038,1555539.963,1550.494
89.7688,99.4322,1.7726,1.5571,0.771122976,9.9715,59.5676,0.5969,1559416.914,1547
89.9212,98.5908,1.775,1.554,0.756369726,9.9154,60.518,0.5979,1564179.274,1548.004
90.0736,96.5961,1.7922,1.5551,0.721394317,9.8144,59.4292,0.6203,1582013.078,1547
90.226,98.1148,1.8085,1.5589,0.748023461,9.8553,60.0614,0.5755,1599102.466,1552.488
90.3784,99.7379,1.8087,1.559,0.776483172,9.9038,57.2978,0.5836,1601980.638,1551.494
90.5308,99.9425,1.8242,1.5531,0.780070663,9.9951,59.1678,0.5858,1618433.597,1550
90.6832,98.5419,1.8157,1.5487,0.755512305,9.9869,61.1713,0.594,1613604.165,1549.5
90.8356,96.5475,1.8304,1.5494,0.720542157,10.097,59.8343,0.5894,1629401.726,1550
90.988,98.8686,1.8255,1.5509,0.761240718,10.2402,57.7925,0.5796,1627766.221,1549.498
91.1404,100.1964,1.8285,1.5549,0.784522588,10.3194,56.666,0.5963,1633172.17,1552
91.2928,103.0444,1.8083,1.565,0.834459904,10.2946,59.4431,0.5952,1617830.748,1549.504
91.4452,104.4103,1.8092,1.5761,0.858409826,10.315,55.1439,0.5708,1621338.027,1549.498
91.5976,105.9406,1.8095,1.5823,0.885242366,10.1726,59.8447,0.5801,1624309.401,1550
91.75,104.5267,1.8331,1.5833,0.860450804,10.2522,59.9632,0.5764,1648231.865,1552
91.9024,100.0727,1.8508,1.5813,0.782353612,10.3486,58.9083,0.5761,1666911.027,1551
92.0548,101.3807,1.8691,1.5754,0.805288306,10.5749,53.395,0.5693,1686184.341,1550
92.2072,93.9973,1.8585,1.5692,0.675826517,10.6479,53.7973,0.5755,1679397.396,1551
92.3596,95.9298,1.8391,1.5634,0.7097113,10.5655,58.8732,0.5871,1664613.696,1553
92.512,97.1293,1.8345,1.5566,0.730743536,10.5899,57.3056,0.5932,1663189.987,1553
92.6644,105.5553,1.8237,1.5565,0.87848645,10.5238,55.7864,0.5675,1656122.25,1551.5
92.8168,107.3188,1.8252,1.5658,0.909407959,10.5223,57.9675,0.5867,1660210.389,1550.506
92.9692,104.6115,1.8095,1.5735,0.861937701,10.4057,58.6714,0.564,1648632.121,1553
93.1216,105.789,1.8091,1.571,0.882584186,10.4129,59.1625,0.5851,1650969.608,1553
93.274,105.9584,1.8136,1.5656,0.885554474,10.4899,56.259,0.5797,1657784.919,1552
93.4264,107.4758,1.8163,1.5653,0.912160823,10.5336,55.3778,0.5743,1662965.629,1554
93.5788,106.9713,1.823,1.5698,0.903314835,10.6296,57.8305,0.5795,1671822.694,1553.5
93.7312,106.1394,1.8209,1.5764,0.888728159,10.6021,53.5325,0.5903,1672616.392,1554.502
93.8836,106.1445,1.8233,1.5794,0.888817583,10.5376,56.854,0.5793,1677544.085,1553
94.036,107.3058,1.8178,1.5766,0.909180015,10.384,57.9021,0.558,1675198.68,1555
94.1884,106.0141,1.8385,1.574,0.886531128,10.2934,56.7433,0.5794,1697020.659,1555.494
94.3408,104.899,1.8677,1.5756,0.866978775,10.3403,53.1542,0.5836,1726763.059,1558
94.4932,103.6825,1.8926,1.5729,0.845648457,10.4392,53.6104,0.5677,1752610.737,1556
94.6456,106.5897,1.892,1.5658,0.896623796,10.4105,52.0002,0.5632,1754880.857,1557
94.798,107.175,1.8861,1.5639,0.906886545,10.3978,51.8381,0.5667,1752225.376,1556
94.9504,107.2531,1.8807,1.5667,0.908255964,10.4077,55.8727,0.5756,1750017.529,1557
95.1028,105.3389,1.8544,1.5688,0.874692056,10.4467,57.3437,0.5669,1728314.597,1556.004
95.2552,102.9873,1.8414,1.5683,0.833458703,10.3762,57.5646,0.5622,1718948.668,1556
95.4076,101.5562,1.8533,1.5621,0.808365552,10.3114,55.2315,0.5698,1732825.27,1556
95.56,102.5341,1.8849,1.5545,0.825512217,10.3418,56.3002,0.5657,1765186.231,1557.506
95.7124,105.3778,1.8998,1.5534,0.875374135,10.3606,55.5417,0.5611,1781977.292,1558
95.8648,106.617,1.8985,1.5585,0.897102478,10.3674,55.1591,0.5708,1783593.363,1558
96.0172,104.4302,1.8945,1.57,0.858758756,10.3599,55.7033,0.586,1782664.937,1557
96.1696,102.0382,1.8908,1.5806,0.816817022,10.3123,54.7537,0.5721,1782007.301,1559
96.322,99.6946,1.8786,1.5829,0.775723942,10.2819,57.0625,0.5596,1773314.99,1562.4821
96.4744,98.3781,1.867,1.5784,0.752640208,10.2423,55.3058,0.5878,1765153.507,1559
96.6268,96.482,1.8718,1.5694,0.719393668,10.4386,55.4301,0.5911,1772487.234,1560
96.7792,95.8699,1.8672,1.558,0.708661003,10.4825,55.2922,0.5641,1770919.998,1558
96.9316,99.5099,1.8545,1.5495,0.772485381,10.4897,60.7499,0.5882,1761644.592,1560.5
97.084,100.803,1.834,1.548,0.795158816,10.4811,55.5236,0.5873,1744910.149,1560.0081
97.2364,101.6742,1.8294,1.5492,0.810434584,10.5191,60.3289,0.5902,1743265.848,1559
97.3888,98.4959,1.8267,1.5528,0.754705733,10.5587,56.9614,0.5924,1743421.185,1562
97.5412,98.4001,1.832,1.5673,0.753025959,10.3956,56.9194,0.5947,1751215.688,1559
97.6936,94.59,1.8507,1.5835,0.686219019,10.274,55.1453,0.5905,1771855.146,1561.498
97.846,94.8322,1.8722,1.5815,0.690465795,10.2097,57.2486,0.5911,1795235.356,1560
97.9984,94.6258,1.8786,1.5713,0.686846743,10.266,57.2563,0.5857,1804177.984,1564
98.1508,97.869,1.8703,1.5691,0.743713562,10.3098,55.955,0.6134,1799000.124,1561
98.3032,97.6697,1.8642,1.5738,0.740219002,10.404,57.7186,0.5973,1795916.889,1561
98.4556,95.2692,1.8521,1.5792,0.698128227,10.3694,52.5679,0.6146,1787026.244,1563.5
98.608,98.3877,1.8471,1.5834,0.752808536,10.3339,53.4651,0.6114,1784960.601,1561
98.7604,100.5095,1.8508,1.5866,0.790012537,10.2582,57.6033,0.6137,1791300.334,1562.5
98.9128,105.8903,1.8693,1.5879,0.884360397,10.3186,56.4451,0.6155,1811997.431,1566
99.0652,102.981,1.8762,1.5877,0.833348237,10.3686,57.4638,0.6121,1821488.057,1563
99.2176,101.2604,1.8652,1.5854,0.803178945,10.2916,60.6034,0.6238,1813594.542,1567
99.37,96.2793,1.8656,1.5834,0.715839492,10.2756,54.4501,0.6214,1816769.786,1565.5
99.5224,94.6615,1.8559,1.5847,0.687472712,10.2943,52.2062,0.6016,1810095.497,1565
99.6748,93.0958,1.8371,1.583,0.660019463,10.381,58.0221,0.6135,1794503.236,1567
99.8272,94.8944,1.8099,1.5723,0.691556421,10.4494,60.1998,0.6277,1770637.043,1566
99.9796,96.2013,1.8061,1.5585,0.714471827,10.3818,60.8232,0.614,1769616.924,1566.5
100.132,97.5615,1.8249,-999.25,0.738321805,10.5448,57.178,0.6223,1790762.691,1569.4821
100.2844,96.73,1.8237,-999.25,0.723742143,10.6418,62.7711,0.6216,1792308.871,1566
100.4368,96.9401,1.8103,1.5685,0.727426072,10.8241,57.01,0.6208,1781843.243,1566
100.5892,95.3846,1.7877,1.5869,0.700151671,10.8074,57.7339,0.6261,1762268.466,1565.5
100.7416,96.8842,1.7857,-999.25,0.726445911,10.783,56.6637,0.6127,1762963.896,1566
100.894,95.2873,1.789,1.6158,0.698445596,10.776,57.0952,0.6223,1768893.787,1565
101.0464,98.0064,1.8001,1.6203,0.746122757,10.6371,57.4776,0.6203,1782557.521,1566
101.1988,98.5543,1.832,1.619,0.755729728,10.6345,56.3768,0.6091,1816882.776,1566.5
101.3512,101.0974,1.8522,1.6139,0.800320875,10.6369,56.6602,0.6065,1839682.388,1566
101.5036,101.8572,1.87,1.6076,0.813643337,10.7144,54.7101,0.608,1860154.974,1568
101.656,103.9515,1.8589,1.6015,0.850365149,10.5012,54.8559,0.6082,1851889.716,1567
101.8084,104.459,1.8778,1.5973,0.85926374,10.2794,56.2292,0.5951,1873522.972,1566
101.9608,103.6548,1.906,1.5961,0.845162761,10.3507,55.7774,0.5925,1904505.391,1568.498
102.1132,102.2565,1.8958,1.5956,0.820644731,10.3791,55.7227,0.601,1897144.805,1567
102.2656,95.8471,1.8712,1.5928,0.708261224,10.4111,59.4791,0.5993,1875322.029,1570
102.418,95.7447,1.8421,1.5911,0.706465725,10.2789,61.2462,0.6015,1848909.138,1567.5
102.5704,94.9887,1.8697,1.5911,0.693209893,10.5323,53.6049,0.6049,1879403.593,1569.5
102.7228,103.6497,1.8909,1.5884,0.845073337,10.6531,53.7678,0.5896,1903537.717,1569
102.8752,104.5246,1.9156,1.5856,0.860413982,10.7755,51.7593,0.6026,1931263.785,1572
103.0276,105.1263,1.9164,1.587,0.870964292,10.7336,50.5382,0.6076,1934932.508,1569
103.18,103.7103,1.8925,1.5918,0.846135907,10.6452,51.4901,0.6086,1913627.87,1570
103.3324,105.3138,1.8698,1.5968,0.874251948,10.5516,50.1602,0.6017,1893467.031,1571
103.4848,106.6438,1.8562,1.596,0.897572394,10.52,51.5021,0.6104,1882467.16,1571
103.6372,107.5817,1.8785,1.5878,0.914017692,10.6525,50.4934,0.6107,1907888.306,1572
103.7896,105.6478,1.8783,1.5788,0.880108361,10.8,52.6879,0.6119,1910490.456,1570.5
103.942,104.9265,1.8638,1.5727,0.867460965,10.7728,54.8316,0.5957,1898525.576,1572.5
104.0944,102.9005,1.8461,1.5704,0.831936737,10.6835,56.7924,0.6171,1883252.984,1573.494
104.2468,101.2505,1.83,1.5734,0.803005357,10.5928,56.0197,0.5938,1869562.111,1573
104.3992,96.9661,1.831,1.5784,0.72788196,10.6951,56.6878,0.6049,1873318.365,1572
104.5516,96.4596,1.8361,1.5818,0.719000903,10.7648,56.5158,0.6058,1881278.489,1572
104.704,96.6563,1.835,1.5838,0.722449874,10.6682,54.9488,0.61,1882892.032,1573
104.8564,98.9814,1.8484,1.5847,0.763218572,10.6158,55.6464,0.6099,1899402.384,1571
105.0088,96.9699,1.8444,1.584,0.72794859,10.5222,56.7034,0.6057,1898046.661,1570.5179
105.1612,101.0318,1.854,1.5807,0.799170634,10.557,57.7063,0.611,1910694.875,1574
105.3136,102.3734,1.843,1.5762,0.822694476,10.5287,55.0459,0.6038,1902111.055,1573
105.466,103.1992,1.8449,1.5743,0.837174193,10.5296,58.4833,0.6182,1906827.389,1572
105.6184,99.7366,1.871,1.5759,0.776460377,10.5415,52.7238,0.6003,1936597.859,1578.984
105.7708,100.4054,1.8984,1.5784,0.78818723,10.5733,55.0558,0.6022,1967793.81,1576
105.9232,104.4706,1.9068,1.5816,0.859467137,10.544,52.2408,0.5934,1979348.706,1575
106.0756,103.4236,1.9018,1.5787,0.841108861,10.5163,54.7839,0.6123,1976998.846,1576.5
106.228,104.0863,1.8957,1.5677,0.852728755,10.3348,55.1584,0.6376,1973488.912,1574
106.3804,101.032,1.8896,1.5607,0.799174141,10.2497,55.403,0.603,1969960.758,1577.004
106.5328,104.2276,1.8806,1.5599,0.855206333,10.158,57.6926,0.6189,1963386.72,1576.5
106.6852,101.2038,1.8787,1.561,0.802186511,10.1579,54.6186,0.625,1964208.955,1577
106.8376,101.4232,1.8733,1.5643,0.806033508,10.2833,57.8928,0.6054,1961360.986,1574
106.99,98.5228,1.8613,1.5703,0.755177402,10.3124,59.1574,0.6144,1951576.773,1578
107.1424,98.2752,1.8393,1.577,0.750835942,10.2124,57.6296,0.6497,1931256.76,1578
107.2948,95.4648,1.8389,1.5786,0.701557911,10.0673,58.4085,0.6394,1933583.196,1576.0081
107.4472,96.6736,1.8328,1.5751,0.722753215,9.9226,58.4008,0.653,1929906.436,1579.988
107.5996,96.3291,1.8496,1.572,0.716712694,10.0028,58.4537,0.6415,1950358.958,1578
107.752,100.7531,1.8571,1.5708,0.794283861,10.0094,59.4439,0.6262,1961041.144,1576.512
107.9044,100.7996,1.8744,1.572,0.7950992,10.0844,56.0159,0.6254,1982108.872,1580.494
108.0568,101.3854,1.8911,1.576,0.805370716,10.0939,55.3642,0.6265,2002592.902,1579
108.2092,97.4589,1.9014,1.5801,0.736522799,10.1408,54.0697,0.6348,2016339.934,1581.5
108.3616,98.169,1.903,1.5804,0.748973813,10.147,52.2669,0.6424,2020878.823,1581.496
108.514,97.7445,1.8817,1.5775,0.741530558,10.1035,56.7134,0.6339,2001069.779,1577.012
108.6664,100.1339,1.8704,1.5738,0.783426703,10.0562,55.4071,0.6482,1991846.419,1581.9919
108.8188,99.8563,1.8563,1.5695,0.778559217,10.0301,53.4888,0.6374,1979603.317,1579
108.9712,101.8733,1.8428,1.5631,0.813925638,9.953,56.2214,0.656,1967958.848,1583
109.1236,100.4969,1.8521,-999.25,0.789791606,9.9354,56.3344,0.6525,1980656.632,1582
109.276,98.7334,1.8778,-999.25,0.758870098,9.9272,55.0546,0.6386,2010945.033,1582
109.4284,99.8385,1.9213,-999.25,0.778247109,10.02,50.293,0.6577,2060398.892,1581
109.5808,103.2337,1.9275,-999.25,0.837779122,10.057,51.3218,0.6683,2069926.522,1581
109.7332,103.9678,1.926,-999.25,0.850650956,10.0579,54.6821,0.6444,2071192.203,1582
109.8856,102.7948,1.9173,-999.25,0.830083375,10.0163,53.3378,0.6717,2064699.877,1582.5
110.038,104.3148,1.9123,-999.25,0.856735313,9.9938,54.6682,0.6829,2062171.541,1582
110.1904,105.4986,1.9028,-999.25,0.877492263,9.9529,51.9143,0.6951,2054768.873,1583
110.3428,106.4955,1.9109,-999.25,0.894972077,10.0666,52.3124,0.668,2066369.754,1582
110.4952,102.2749,1.9241,1.6083,0.82096736,10.1785,53.9875,0.6968,2083517.38,1581
110.6476,101.949,1.9366,1.5935,0.815252974,10.3712,51.1959,0.6785,2099945.393,1582.5
110.8,102.8996,1.9235,1.5887,0.831920956,10.3887,54.4061,0.678,2088613.24,1584
110.9524,106.028,1.8976,1.59,0.886774852,10.2993,56.7692,0.6948,2063324.088,1587
111.1048,108.4049,1.8887,1.5933,0.92845182,10.2383,55.1916,0.661,2056467.63,1584
111.2572,108.0386,1.8827,1.5961,0.922029054,10.1377,55.3016,0.7112,2052746.518,1585
111.4096,108.8754,1.8956,1.5959,0.936701647,10.146,53.955,0.6834,2069642.77,1584
111.562,109.4788,1.8856,1.5939,0.947281765,10.0719,56.7743,0.6707,2061540.811,1581.504
111.7144,109.9506,1.8916,1.5937,0.955554387,10.0849,53.5505,0.6542,2070925.799,1583
111.8668,111.7515,1.8899,1.596,0.987131673,10.0815,51.2285,0.6776,2071887.24,1585.5
112.0192,110.7047,1.9075,1.598,0.968776904,10.1663,54.7215,0.6719,2094030.915,1588
112.1716,110.4548,1.9252,1.5981,0.964395115,10.2386,54.0989,0.6534,2116337.09,1586
112.324,105.327,1.9518,1.5977,0.8744834,10.3297,53.2856,0.6653,2148493.035,1586.5
112.4764,104.2061,1.9625,1.5987,0.854829349,10.3498,51.2028,0.6847,2163202.363,1590.4701
112.6288,101.9436,1.9484,1.6009,0.81515829,10.3476,52.4795,0.6812,2150570.348,1588
112.7812,102.6159,1.9328,1.6041,0.826946512,10.2983,52.3819,0.6634,2136238.333,1587.5
112.9336,101.0428,1.9285,1.6079,0.79936351,10.2705,53.8165,0.6714,2134365.986,1587
113.086,102.5905,1.9366,1.6075,0.826501144,10.2019,51.2162,0.6725,2146223.006,1587.5
113.2384,105.034,1.9463,1.5998,0.869345888,10.1908,52.0622,0.6692,2159879.8,1588.5
113.3908,105.6754,1.9469,1.5915,0.880592304,10.2379,48.9674,0.6542,2163453.375,1586
113.5432,105.1589,1.9689,1.5853,0.871535906,10.3756,50.3411,0.648,2190841.024,1590.5
113.6956,104.359,1.9735,1.5768,0.857510323,10.3816,50.3784,0.6629,2198907.013,1587
113.848,105.3077,1.9672,1.5659,0.87414499,10.3474,51.6643,0.6785,2194825.499,1587.502
114.0004,105.2082,1.9386,1.5596,0.87240034,10.2611,51.416,0.6489,2165811.519,1588
114.1528,105.8666,1.9331,1.5612,0.883944838,10.3185,51.796,0.6611,2162554.021,1593
114.3052,106.7043,1.9388,1.5616,0.898633211,10.3643,49.5061,0.6675,2171826.233,1593.984
114.4576,108.1826,1.9584,1.5582,0.924553975,10.3535,50.5438,0.6583,2196706.886,1592.494
114.61,108.9142,1.9461,1.558,0.937381973,10.3126,51.7483,0.6713,2185816.706,1593
114.7624,109.493,1.9347,1.558,0.947530751,10.295,53.9741,0.6656,2175901.99,1595.4701
114.9148,108.1398,1.9086,1.5529,0.923803512,10.3317,54.8352,0.6356,2149398.595,1591.5
115.0672,104.0847,1.9074,1.5443,0.8527007,10.3149,56.5738,0.631,2150895.937,1589.012
115.2196,100.8244,1.9016,1.537,0.795534047,10.2864,58.952,0.6565,2147195.595,1590
115.372,99.9182,1.898,1.5319,0.779644582,10.2784,60.3918,0.6465,2145965.349,1589.988
115.5244,99.9192,1.8975,1.5283,0.779662117,10.3264,58.4514,0.6354,2148233.98,1593.5
115.6768,100.8274,1.8862,1.5272,0.795586649,10.3151,59.4285,0.6557,2138257.886,1591.498
115.8292,98.3945,1.8783,1.5287,0.752927768,10.3265,59.3669,0.6599,2132107.466,1592
115.9816,97.2036,1.8816,1.5332,0.732046325,10.3965,60.4394,0.6547,2138663.59,1593
116.134,94.032,1.8861,1.5385,0.676434953,10.4551,57.261,0.6465,2146595.307,1593
116.2864,92.6441,1.8969,1.5438,0.652099278,10.476,56.6795,0.6366,2161719.987,1596
116.4388,91.1823,1.8926,1.5472,0.626467829,10.3844,55.8565,0.6675,2159646.314,1591.5
116.5912,91.8807,1.8874,1.5449,0.638713693,10.2682,53.9437,0.6605,2156531.463,1591.51
116.7436,90.4442,1.8702,1.5384,0.613525859,10.1085,57.4357,0.6565,2139672.031,1595
116.896,89.3407,1.8603,1.5314,0.594176902,10.002,59.5668,0.6494,2131123.962,1587
117.0484,87.7818,1.8453,1.5231,0.566842885,10.0199,58.0357,0.6618,2116696.243,1595
117.2008,88.5776,1.8231,1.5107,0.580796577,10.0218,61.9505,0.6635,2093954.029,1592.5
117.3532,88.6057,1.7878,1.5019,0.581289287,9.8366,61.9925,0.6506,2056079.699,1594.004
117.5056,88.0774,1.7771,-999.25,0.572025986,9.7268,62.3538,0.6311,2046428.177,1595
117.658,88.4587,1.7777,-999.25,0.578711765,9.7927,58.5631,0.6347,2049774.141,1594.51
117.8104,88.4806,1.7855,1.5902,0.579095763,9.9122,60.0298,0.6328,2061434.598,1600
117.9628,89.9735,1.7768,1.591,0.605272525,9.9474,65.5285,0.6485,2054043.77,1598
118.1152,88.9475,1.7658,1.5718,0.587282467,9.966,66.8026,0.6508,2043964.638,1597.504
118.2676,89.7952,1.7709,1.5449,0.602146182,10.0034,62.3866,0.6369,2052512.91,1598
118.42,86.953,1.8052,1.5255,0.552310565,10.2007,58.7845,0.655,2094963.483,1599
118.5724,87.4213,1.7826,1.5187,0.560521817,10.2876,60.8662,0.6494,2071398.17,1603
118.7248,86.0436,1.7546,1.5176,0.536364991,10.3853,66.0721,0.6337,2041482.434,1598
118.8772,87.2846,1.6818,1.5171,0.558124896,10.111,63.4019,0.6359,1959291.215,1600
119.0296,86.6113,1.69,1.5166,0.546319139,10.2279,66.6562,0.6487,1971368.235,1601
119.182,88.59,1.6665,1.5148,0.581014001,10.3274,67.4714,0.6279,1946444.669,1599.5
119.3344,88.091,1.667,1.5135,0.57226445,10.2089,69.6031,0.6544,1949518.359,1596
119.4868,88.3484,1.6677,1.5143,0.576777746,10.1158,67.3306,0.6595,1952827.736,1600
119.6392,83.1347,1.691,1.5151,0.485359845,10.2709,64.8123,0.6625,1982636.895,1598
119.7916,82.3324,1.7034,1.5145,0.471292181,10.6037,65.4044,0.6596,1999719.512,1600
119.944,80.7675,1.6639,1.5128,0.443852958,10.7649,66.9373,0.6302,1955833.252,1603.984
120.0964,82.9125,1.6211,1.5113,0.481463752,10.6369,71.1964,0.6639,1907945.086,1600
120.2488,83.3213,1.6034,1.5101,0.488631721,10.5708,68.5617,0.6671,1889507.874,1601
120.4012,85.4602,1.6063,1.5084,0.526135557,10.4196,68.9554,0.6806,1895324.386,1598
120.5536,85.5602,1.6418,1.5069,0.527888974,10.405,67.8275,0.6639,1939664.025,1602
120.706,86.642,1.6618,1.506,0.546857438,10.4173,64.6436,0.6938,1965774.462,1600.5
120.8584,85.1462,1.6556,1.5059,0.520629827,10.7094,64.6459,0.678,1960913.037,1600.5
121.0108,85.9986,1.6304,1.506,0.535575954,10.9289,64.4631,0.6764,1933500.882,1602
121.1632,84.6459,1.6191,1.5047,0.511857482,11.0831,66.8452,0.6755,1922518.304,1602
121.3156,87.4054,1.6372,1.5032,0.560243024,10.892,60.7229,0.6904,1946455.423,1599.0239
121.468,87.8632,1.6588,1.5037,0.568270166,10.6725,68.9326,0.6872,1974612.96,1603
121.6204,86.8815,1.6825,1.5053,0.551056872,10.6116,64.9577,0.6721,2005337.965,1603
121.7728,82.6203,1.7022,1.5055,0.476340268,10.6631,62.9785,0.6602,2031360.27,1604
121.9252,78.8064,1.726,1.5045,0.409466698,10.6594,60.5432,0.6947,2062340.373,1599.0359
122.0776,80.8494,1.7294,1.5052,0.445289007,10.4178,61.505,0.684,2068985.814,1603
122.23,83.821,1.7357,1.5092,0.497393546,10.3664,64.8675,0.7029,2079115.188,1605
122.3824,87.2523,1.7332,1.5143,0.557558542,10.4333,67.4225,0.6952,2078709.122,1606
122.5348,88.4951,1.7209,1.5268,0.579350008,10.4564,57.8073,0.668,2066527.346,1605
122.6872,87.1868,1.7039,-999.25,0.556410054,10.3964,66.3067,0.6813,2048657.857,1605
122.8396,84.9544,1.7082,-999.25,0.517266774,10.2694,59.2569,0.6886,2056379.126,1605
122.992,81.6467,1.7408,-999.25,0.459269,10.239,59.3086,0.6766,2098223.841,1609.4821
123.1444,81.2649,1.7568,-999.25,0.452574454,10.1404,71.0151,0.6854,2120132.803,1610
123.2968,82.3639,1.7328,-999.25,0.471844507,9.996,59.5413,0.6941,2093757.211,1611
123.4492,81.0253,1.7218,-999.25,0.448373267,9.9617,63.8913,0.7025,2083037.359,1606.496
123.6016,79.7993,1.7335,-999.25,0.426876375,9.9583,73.6182,0.6986,2099781.061,1607.5
123.754,78.9418,1.7554,-999.25,0.411840825,10.1734,61.3253,0.6764,2128930.162,1611
123.9064,81.2201,1.7175,-999.25,0.451788924,10.0867,59.0946,0.6758,2085530.572,1609
124.0588,80.2134,1.726,-999.25,0.434137275,10.307,62.2037,0.6934,2098429.79,1610.5
124.2112,77.8544,1.643,1.5589,0.392774169,9.8572,65.8964,0.6987,1999974.216,1609
124.3636,80.4303,1.6744,1.54,0.437940436,9.9019,66.3115,0.7002,2040697.236,1608
124.516,83.1523,1.6551,1.5246,0.485668446,9.6959,64.8846,0.6772,2019647.03,1612
124.6684,86.2659,1.7452,1.5159,0.540262837,10.0038,64.0946,0.72,2132198.658,1606.0239
124.8208,82.6792,1.7229,1.5128,0.477373031,10.0705,63.267,0.6444,2107526.812,1611
124.9732,83.7365,1.7067,1.5125,0.495911908,10.1593,62.086,0.6731,2090259.252,1614.984
125.1256,82.2859,1.6958,1.5127,0.470476842,10.1145,66.0145,0.6942,2079442.326,1611
125.278,83.2476,1.7551,1.5124,0.487339453,10.1502,64.0467,0.6826,2154779.094,1610.504
125.4304,81.1834,1.7735,1.5124,0.45114542,10.2183,66.6029,0.6684,2180017.981,1611
125.5828,81.155,1.7207,1.5132,0.450647449,9.9974,64.2115,0.673,2117685.175,1607.52
125.7352,80.2781,1.6612,1.5144,0.435271736,9.8792,68.461,0.6867,2046938.88,1613
125.8876,79.4224,1.6593,1.5147,0.420267747,9.7976,68.0644,0.6527,2047075.888,1612
126.04,79.9084,1.7049,1.5116,0.428789353,9.9129,59.5434,0.6829,2105878.841,1613
126.1924,80.5526,1.7221,1.5029,0.440084865,9.7403,64.0428,0.6739,2129696.134,1614.004
126.3448,79.0771,1.7196,1.4973,0.414213198,9.6561,65.0787,0.6763,2129172.677,1613
126.4972,76.0465,1.7165,1.5093,0.361074143,9.688,66.8551,0.6667,2127897.949,1613
126.6496,71.9752,1.7115,-999.25,0.289687278,9.7934,64.9368,0.7005,2124255.746,1614.506
126.802,72.9174,1.7056,1.5556,0.306207973,9.7843,66.8804,0.6514,2119480.214,1612
126.9544,74.827,1.7028,1.5581,0.339691223,9.8501,67.3288,0.7021,2118543.933,1613
127.1068,79.2297,1.6932,1.547,0.416888912,9.8367,70.8659,0.7048,2109128.891,1605.032
127.2592,81.1147,1.6971,1.5317,0.449940822,9.7565,63.4402,0.6799,2116521.566,1620.968
127.4116,82.079,1.6916,1.5185,0.466849022,9.8505,66.9849,0.6888,2112188.733,1610
127.564,81.1453,1.6987,1.5101,0.450477368,9.9821,68.8625,0.6863,2123591.075,1623
127.7164,79.9906,1.6911,1.5062,0.430230662,10.1132,66.6258,0.668,2116615.8,1613
127.8688,83.5477,1.6678,1.5055,0.492601457,10.2649,64.9194,0.6976,2089943.929,1616
128.0212,86.6495,1.6593,1.5055,0.546988945,10.4461,63.0879,0.6979,2081770.656,1612
128.1736,90.2444,1.6577,1.5036,0.610022531,10.7916,61.324,0.6585,2082239.092,1616
128.326,92.0141,1.648,1.4991,0.641052752,10.931,63.1103,0.6605,2072516.23,1611
128.4784,91.7094,1.5827,1.4932,0.63571009,10.9507,68.3012,0.665,1992759.084,1615
128.6308,91.2378,1.4827,1.4883,0.627440976,10.8267,80.5591,0.6728,1869064.694,1609.016
128.7832,88.6963,1.4237,1.485,0.582877883,10.8741,76.4127,0.6663,1796816.69,1616.9761
128.9356,87.2159,1.4385,1.4825,0.556920298,10.7764,76.5941,0.6516,1817643.834,1616
129.088,85.1786,1.4897,1.4799,0.521197934,10.6518,65.3246,0.6605,1884563.457,1616.5
129.2404,82.7074,1.5522,1.4766,0.477867494,10.5861,65.556,0.6748,1965948.099,1618
129.3928,75.8528,1.5877,1.4747,0.357677775,10.5478,68.516,0.6419,2013282.096,1613.5179
129.5452,73.1445,1.6349,1.4777,0.310189983,10.5167,64.8375,0.6568,2075575.785,1615.5
129.6976,73.523,1.6609,1.4836,0.316826666,10.4394,64.9711,0.6438,2111064.49,1614
129.85,78.9736,1.6696,1.4862,0.412398411,10.4844,64.4714,0.6678,2124616.088,1614.012
130.0024,76.1109,1.6393,1.4829,0.362203344,10.5758,63.4064,0.6564,2088506.756,1617
130.1548,70.9793,1.6238,1.4784,0.272224998,10.7131,65.5871,0.6669,2071184.57,1607.04
130.3072,65.8477,1.6097,1.479,0.182246653,10.7235,67.6269,0.6939,2055603.898,1615
130.4596,67.4977,1.6257,1.4836,0.211178033,10.5514,68.6412,0.6493,2078464.083,1618
130.612,69.1476,1.6297,1.4901,0.24010766,10.468,69.6197,0.6636,2086012.089,1616
130.7644,75.0361,1.6299,1.496,0.343357618,10.3965,74.0212,0.6741,2088702.376,1618.016
130.9168,79.1232,1.6059,1.4984,0.415021523,10.3969,71.8266,0.6394,2060345.033,1620
131.0692,83.9733,1.5695,1.5011,0.500064,10.4723,72.6238,0.662,2015988.472,1618.496
131.2216,82.1689,1.5221,1.5053,0.468425344,10.6055,73.4833,0.6716,1957377.494,1618
131.374,84.8685,1.4662,1.5087,0.515760588,10.921,80.2546,0.6784,1887681.476,1619.5
131.5264,86.3882,1.4354,1.5107,0.542407266,11.406,79.0783,0.6894,1850171.347,1623
131.6788,91.6566,1.4375,1.5099,0.634784286,11.7749,79.1703,0.6521,1855025.095,1617
131.8312,90.4199,1.4874,1.5049,0.613099778,11.4098,75.7932,0.7465,1921640.123,1618
131.9836,91.9871,1.5256,1.4938,0.640579329,11.0573,71.8728,0.725,1973270.966,1618
132.136,89.9014,1.5466,1.4788,0.604008311,10.9708,71.6869,0.6728,2002743.068,1627
132.2884,90.6881,1.54,1.4708,0.617802443,10.8967,66.3754,0.7108,1996496.533,1625
132.4408,89.5471,1.525,1.4756,0.597795955,10.5604,73.1177,0.6807,1979327.756,1623
132.5932,92.4162,1.5237,-999.25,0.648103241,10.5831,71.703,0.7092,1979916.137,1625
132.7456,93.5111,1.5504,-999.25,0.667301404,11.2228,73.5947,0.7131,2016926.027,1625
132.898,94.4454,1.5867,1.4742,0.683683578,11.2782,71.8805,0.7234,2066518.715,1623
133.0504,94.1184,1.6239,1.477,0.677949905,10.8917,74.2998,0.7178,2117393.337,1625.004
133.2028,95.8531,1.6322,1.4774,0.708366429,10.8418,72.598,0.7191,2130653.38,1625
133.3552,96.2424,1.633,-999.25,0.715192481,10.8855,70.2959,0.7203,2134136.608,1627.496
133.5076,94.5025,1.6303,-999.25,0.684684779,11.0047,71.1074,0.718,2133042.915,1631.4701
133.66,94.1768,1.63,1.4812,0.6789739,11.0357,74.7709,0.7228,2135084.84,1625
133.8124,92.0709,1.6431,1.4897,0.642048692,10.8754,73.6543,0.718,2154698.114,1624
133.9648,91.7174,1.6437,1.4942,0.635850363,10.6293,68.3744,0.7126,2157939.829,1626
134.1172,92.0656,1.654,1.4922,0.641955761,10.4516,62.957,0.7082,2173932.518,1628
134.2696,93.6311,1.6701,1.4838,0.669405504,10.7113,67.2881,0.7196,2197587.858,1628
134.422,95.8002,1.7027,1.4738,0.707438872,10.9184,58.2512,0.6925,2243027.326,1627.5
134.5744,93.0289,1.7189,1.4691,0.658846427,10.9462,60.7347,0.7291,2266935.374,1630
134.7268,92.6256,1.718,1.4689,0.651774896,10.864,60.3146,0.684,2268314.296,1630
134.8792,90.5215,1.7109,1.4721,0.61488125,10.7693,64.2709,0.7043,2261495.268,1630
135.0316,91.4559,1.713,1.48,0.631265178,10.543,60.4241,0.7195,2266829.482,1628.496
135.184,91.9142,1.7268,1.4862,0.639301088,10.4134,65.4431,0.7287,2287670.166,1627.9921
135.3364,92.2041,1.7497,1.4823,0.644384244,10.3031,60.8298,0.7779,2320621.371,1626
135.4888,91.3944,1.7549,1.4703,0.630186827,10.268,59.4819,0.6929,2330139.092,1627.5
135.6412,90.0736,1.7553,1.4623,0.607027695,10.2084,62.984,0.6939,2333291.784,1628
135.7936,90.7439,1.7505,1.4641,0.618780849,10.2826,69.1337,0.7015,2329525.629,1628.502
135.946,92.7798,1.7433,1.4745,0.654478665,10.3205,65.4417,0.7236,2322547.686,1629.5
136.0984,93.0862,1.734,1.4895,0.659851135,10.2136,68.1892,0.7175,2312747.331,1630
136.2508,95.5925,1.7119,1.496,0.703797024,10.1512,66.5775,0.7197,2285827.896,1632
136.4032,93.2312,1.6988,1.4938,0.66239359,10.2577,63.2589,0.842,2270873.21,1631
136.5556,92.5643,1.6898,1.4912,0.650700052,10.4645,64.8891,0.857,2261366.198,1631.5
136.708,90.7809,1.6958,1.4902,0.619429613,10.5296,65.921,0.8098,2271928.379,1632
136.8604,93.5508,1.7112,1.4911,0.66799751,10.4862,62.1288,0.8177,2295116.062,1632
137.0128,94.061,1.7353,1.4934,0.676943444,10.4294,60.3181,0.835,2330031.456,1632.012
137.1652,93.4679,1.7625,1.4958,0.666543927,10.3892,61.1148,0.8028,2369185.917,1631
137.3176,90.5469,1.7894,1.4973,0.615326618,10.5272,57.7414,0.8462,2408017.912,1631.504
137.47,91.6222,1.7939,1.4977,0.63418111,10.7462,60.8727,0.8036,2416752.843,1632
137.6224,92.3365,1.7542,1.4959,0.646705768,10.935,61.4597,0.8447,2365888.698,1632
137.7748,91.8797,1.727,1.4932,0.638696159,10.949,62.8367,0.8117,2331783.38,1632
137.9272,90.8019,1.6966,1.4913,0.619797831,10.8546,66.9379,0.8552,2293271.418,1636.976
138.0796,90.293,1.7011,1.4877,0.610874692,10.7166,65.1672,0.8119,2301894.634,1633.988
138.232,93.5295,1.6908,1.4819,0.667624032,10.5881,63.6572,0.7952,2290482.123,1631
138.3844,93.2248,1.6971,1.4791,0.662281371,10.4704,59.9637,0.8254,2301551.219,1634.5
138.5368,94.4696,1.7119,1.483,0.684107905,10.3906,62.1998,0.8321,2324179.25,1635
138.6892,93.3769,1.7387,1.491,0.664948318,10.3508,59.6426,0.8098,2363161.338,1632.996
138.8416,94.3958,1.7697,1.4972,0.682813884,10.373,60.111,0.7897,2407938.199,1635
138.994,95.8218,1.779,1.4997,0.70781761,10.4706,60.1374,0.7916,2423249.195,1628
139.1464,96.0024,1.7957,1.4965,0.710984281,10.705,57.2964,0.8144,2448678.867,1642.4581
139.2988,97.1632,1.7718,1.4883,0.731337945,10.8534,57.5688,0.7972,2418734.216,1635.5
139.4512,93.469,1.7535,1.4821,0.666563215,10.9416,60.1238,0.8142,2396371.256,1636
139.6036,92.2617,1.7318,1.4821,0.645394212,10.9483,58.7307,0.8231,2369302.042,1634.5
139.756,91.585,1.7253,1.4858,0.633528839,10.9867,61.6775,0.8112,2362986.063,1635.5
139.9084,94.5208,1.7157,1.4903,0.685005655,11.0879,59.9748,0.8272,2352400.25,1632.0081
140.0608,97.4928,1.6862,1.4923,0.737117207,11.0933,62.3497,0.8171,2314471.105,1638.9761
140.2132,97.7115,1.6655,1.4891,0.74095193,11.1123,63.1519,0.8173,2288545.829,1636.4821
140.3656,95.0918,1.6542,1.4844,0.695017666,11.1861,62.3753,0.8125,2275489.2,1638.5
140.518,92.2355,1.6335,1.4825,0.644934817,11.2242,61.6116,0.8053,2249454.299,1636
140.6704,91.7373,1.6331,1.4826,0.636199293,11.3158,60.8958,0.8291,2251342.536,1638.5
140.8228,91.6612,1.6387,1.4839,0.634864943,11.3536,60.0068,0.8146,2261509.959,1640
140.9752,95.8849,1.6305,1.4853,0.708924016,11.4564,60.2016,0.8026,2252628.623,1637.0081
141.1276,97.3456,1.597,1.4852,0.734536177,11.4585,65.1913,0.8344,2208731.617,1640
141.28,97.0168,1.5712,1.4848,0.728770942,11.4174,64.8752,0.8022,2175395.533,1637
141.4324,92.3444,1.5783,1.4827,0.646844288,11.2627,62.3747,0.8282,2187583.018,1638
141.5848,90.6585,1.6025,1.4764,0.617283431,11.0866,66.2078,0.8212,2223518.492,1639.51
141.7372,91.3839,1.6247,1.468,0.630002718,10.9498,63.8915,0.834,2256748.203,1627.552
141.8896,89.8447,1.6324,1.462,0.603014124,10.8228,66.8008,0.8567,2269881.714,1642
142.042,90.3251,1.6607,1.4619,0.611437539,10.6796,63.0824,0.8712,2311713.664,1640
142.1944,89.4441,1.6948,1.4675,0.595989935,10.4782,65.7953,0.859,2361712.477,1638
142.3468,89.0356,1.7407,1.4752,0.588827227,10.328,66.1238,0.8571,2428274.133,1643.0079
142.4992,85.1851,1.7616,1.4807,0.521311907,10.2082,62.8863,0.8544,2460060.589,1647
142.6516,83.0671,1.7233,1.484,0.484174535,10.2691,65.8372,0.8347,2409148.722,1642
142.804,82.5727,1.6848,1.4858,0.475505642,10.4123,69.2049,0.8959,2357842.556,1642
142.9564,84.6508,1.6562,1.4825,0.5119434,10.4885,70.585,0.8533,2320291.019,1644
143.1088,84.9605,1.6583,1.4759,0.517373732,10.5058,69.174,0.8681,2325709.766,1632.04
143.2612,86.0201,1.668,1.4722,0.535952938,10.5306,67.1115,0.8592,2341804.88,1642
143.4136,86.4393,1.6637,1.4732,0.543303262,10.5527,71.805,0.8343,2338252.622,1639
143.566,89.3607,1.6626,1.4769,0.594527586,10.5591,72.5953,0.8129,2339189.75,1639
143.7184,94.3505,1.6823,1.4784,0.682019586,10.4249,65.2721,0.7155,2369419.15,1641
143.8708,94.9211,1.7036,1.4761,0.692024583,10.3671,63.2737,0.7259,2401963.29,1644
144.0232,96.2224,1.746,1.4753,0.714841798,10.6071,60.1885,0.7288,2464352.171,1641
144.1756,93.6182,1.7398,1.4766,0.669179313,10.6682,60.8024,0.7044,2458199.747,1638
144.328,96.6994,1.7066,1.4763,0.723205597,10.6916,63.125,0.7114,2413839.615,1642.5
144.4804,95.7514,1.6399,1.4749,0.706583204,10.552,69.6759,0.7083,2321947.398,1648.9641
144.6328,96.5992,1.6093,1.4758,0.721448673,10.5994,71.4129,0.7159,2281024.137,1645.494
144.7852,93.9696,1.6005,1.4789,0.67534082,10.6758,70.5278,0.7351,2270941.383,1641.016
144.9376,93.8287,1.6009,1.4819,0.672870256,10.6665,72.8204,0.7069,2273899.918,1646
145.09,91.9462,1.582,1.4849,0.639862181,10.8088,74.9,0.7494,2249417.324,1644.5
145.2424,89.9513,1.5649,1.4877,0.604883266,11.0872,77.534,0.7026,2227440.351,1644.9921
145.3948,89.3345,1.5603,1.4893,0.59406819,10.4448,67.1048,0.7681,2223223.163,1638.024
145.5472,87.8471,1.6018,1.4903,0.567987866,10.3905,69.9945,0.7347,2284747.549,1645
145.6996,89.0518,1.6506,1.4897,0.589111281,10.4934,65.4847,0.7164,2356819.246,1647.012
145.852,87.1844,1.6902,1.4884,0.556367972,10.8199,66.5606,0.757,2415886.694,1649
146.0044,86.3306,1.6903,1.489,0.541397298,10.7414,68.5852,0.7114,2418554.126,1646.5
146.1568,83.5677,1.7097,1.492,0.49295214,10.4652,67.9487,0.7376,2448865.953,1639.5419
146.3092,80.9151,1.7261,1.4958,0.446441002,10.2419,64.8255,0.7252,2474934.239,1658
146.4616,82.4848,1.7442,1.4979,0.473964388,10.1256,61.2152,0.7981,2503491.563,1647.502
146.614,82.7171,1.7626,1.4973,0.478037576,10.08,60.2841,0.7618,2532533.997,1647
146.7664,86.9912,1.7848,1.4948,0.55298037,10.1081,60.798,0.7793,2567096.973,1647.5
146.9188,85.6447,1.7985,1.4939,0.529370611,10.2454,59.8842,0.7804,2589487.926,1647.5
147.0712,87.9836,1.7971,1.4978,0.570381281,10.2957,59.7656,0.8323,2590156.204,1651
147.2236,87.6836,1.7933,1.5045,0.56512103,10.3107,57.1703,0.7435,2587357.602,1649
147.376,88.3424,1.7962,1.5097,0.576672541,10.319,57.9974,0.7784,2594224.358,1649
147.5284,87.2591,1.7905,1.5131,0.557677775,10.3938,59.9324,0.8493,2588666.082,1647
147.6808,85.9172,1.767,1.5169,0.534148672,10.3921,62.5037,0.7995,2557329.341,1650
147.8332,86.0791,1.7418,1.522,0.536987454,10.2754,61.9965,0.7653,2523459.504,1651
147.9856,84.8066,1.7455,1.5238,0.514675223,10.2642,61.9058,0.748,2531426.875,1648.9921
148.138,84.5679,1.758,1.5154,0.510489817,10.3758,60.87,0.7604,2552180.719,1651
148.2904,83.7962,1.7787,1.4997,0.496958698,10.5251,58.2652,0.7571,2584888.518,1651.506
148.4428,84.8623,1.7559,1.4898,0.515651877,10.465,64.3724,0.7346,2554376.983,1648
148.5952,82.8732,1.7332,1.489,0.48077466,10.2797,63.6459,0.7576,2523942.966,1649
148.7476,83.7102,1.7239,1.4906,0.49545076,10.2177,60.3541,0.7457,2512974.679,1650
148.9,83.4964,1.7369,1.491,0.491701954,10.1207,63.2406,0.7765,2534519.218,1653
149.0524,85.5073,1.75,1.489,0.526961416,10.0339,62.1919,0.7406,2556248.66,1647.512
149.2048,83.9712,1.7408,1.484,0.500027178,10.1697,64.3724,0.7496,2545410.015,1652.9919
149.3572,85.6269,1.7347,1.4803,0.529058503,10.4335,63.1493,0.7237,2539081.361,1649
149.5096,87.9688,1.7367,1.4833,0.570121775,10.6484,62.3264,0.7565,2544602.559,1647
149.662,90.7862,1.7374,1.4936,0.619522545,10.5522,58.7068,0.7336,2548223.036,1652
149.8144,91.8891,1.7441,1.504,0.63886098,10.2577,60.2233,0.7722,2560654.691,1653
149.9668,87.5577,1.7617,1.5088,0.562913478,10.0476,57.5497,0.7333,2589125.813,1651
150.1192,84.6594,1.7874,1.5073,0.512094194,10.0093,62.1053,0.7418,2629565.969,1654
150.2716,83.3895,1.8052,1.5022,0.489827551,10.1808,60.7119,0.761,2658448.865,1654.5
150.424,85.3552,1.8031,1.4985,0.524294469,10.3243,59.2319,0.7517,2658049.241,1653
150.5764,81.2787,1.7927,1.4951,0.452816426,10.449,60.5511,0.7656,2645395.46,1654
150.7288,78.027,1.7762,1.4909,0.395800566,10.3961,63.4365,0.7458,2623700.047,1655
150.8812,76.7649,1.756,1.4887,0.373670691,10.3327,64.269,0.7728,2596484.395,1651
151.0336,85.4654,1.7366,1.4875,0.526226734,10.1832,60.5658,0.7754,2570392.508,1657
151.186,90.9801,1.7381,1.4871,0.62292242,10.2478,63.6703,0.7898,2575208.589,1657
151.3384,95.6264,1.7288,1.4886,0.704391433,10.421,58.2793,0.7922,2564011.494,1657.5
151.4908,97.6369,1.6287,1.4897,0.739643881,10.3308,65.1497,0.7911,2417984.046,1656
151.6432,97.1655,1.5667,1.4906,0.731378273,10.1622,75.0685,0.8118,2328278.134,1656
151.7956,94.6524,1.5669,1.4932,0.687313152,10.1215,68.9318,0.7905,2330915.551,1654
151.948,92.5402,1.6792,1.4978,0.650277478,10.0394,61.2755,0.8137,2500480.6,1663.472
152.1004,90.6077,1.7629,1.5049,0.616392695,10.0067,60.388,0.8193,2627750.393,1651
152.2528,92.4538,1.7862,1.5116,0.648762526,10.0614,58.8073,0.8069,2665148.723,1655
152.4052,90.4359,1.7895,1.5164,0.613380325,10.0765,60.8214,0.7752,2672745.233,1658
152.5576,88.872,1.7876,1.5202,0.585958637,10.0608,59.4694,0.8234,2672577.264,1658
152.71,84.9035,1.7981,1.5224,0.516374284,10.1487,57.5316,0.8319,2690960.94,1655.494
152.8624,84.7444,1.7976,1.5234,0.513584598,10.1296,57.2146,0.8447,2692897.412,1657.5
153.0148,85.0576,1.8021,1.5239,0.5190763,10.1126,56.5294,0.8765,2702330.117,1652.0359
153.1672,88.2137,1.8056,1.5237,0.574415893,10.1377,60.381,0.8242,2710275.224,1662
153.3196,90.2402,1.8108,1.5215,0.609948888,10.1782,56.5913,0.8604,2720785.09,1649.5538
153.472,90.5888,1.8172,1.5188,0.616061299,10.2034,60.9513,0.8584,2733115.32,1661.488
153.6244,89.469,1.8184,1.5181,0.596426536,10.1424,57.8737,0.8229,2737635.968,1650.5538
153.7768,89.0569,1.8177,1.5215,0.589200705,10.1175,57.4175,0.8225,2739296.876,1661
153.9292,91.6543,1.8076,1.5285,0.634743957,10.0957,59.1919,0.8853,2726775.735,1659
154.0816,93.9119,1.8065,1.5338,0.674329099,10.1161,56.3224,0.8525,2727814.422,1660
154.234,93.2176,1.8091,1.5334,0.662155125,9.901,58.4124,0.8156,2734442.348,1662
154.3864,92.5464,1.7839,1.5291,0.65038619,9.9313,58.7522,0.8194,2699017.01,1660.494
154.5388,89.2167,1.7794,1.5254,0.592002665,9.9196,64.3464,0.8465,2694866.139,1662
154.6912,88.6208,1.7832,1.5224,0.581554053,10.2019,57.5636,0.8558,2703284.409,1659.5
154.8436,86.7101,1.8344,1.5203,0.548051515,10.2909,60.1878,0.8092,2783641.978,1659
154.996,88.1664,1.8608,1.5214,0.573586527,10.3478,56.2596,0.8176,2826482.257,1656.024
155.1484,87.4892,1.8725,1.5238,0.561712387,10.4372,56.0563,0.8064,2847050.714,1660.5
155.3008,89.2741,1.8384,1.5245,0.593009127,10.4216,56.3906,0.8125,2797948.909,1661
155.4532,88.8567,1.7971,1.5232,0.585690364,10.3462,58.5798,0.8285,2737776.468,1668
155.6056,88.4617,1.7865,1.5221,0.578764367,10.2596,59.0487,0.7984,2724296.163,1664
155.758,87.687,1.8221,1.5242,0.565180646,10.2493,58.9709,0.8082,2781305.188,1665
155.9104,90.3111,1.8436,1.5292,0.611192061,10.2433,55.9268,0.8101,2816876.852,1665.004
156.0628,90.4589,1.8433,1.5337,0.613783611,10.2576,59.1248,0.8051,2819171.481,1664
156.2152,91.5463,1.8245,1.5352,0.632850267,10.1375,58.1311,0.795,2793143.398,1666
156.3676,87.5803,1.8173,1.5323,0.56330975,10.0618,56.6723,0.8114,2784835.027,1672
156.52,85.3554,1.8099,1.5219,0.524297976,10.0099,58.563,0.8041,2776198.37,1666.5
156.6724,83.9512,1.8254,1.505,0.499676495,10.0997,58.4451,0.8158,2802700.03,1667
156.8248,82.8668,1.8522,1.4898,0.480662441,10.2713,55.3883,0.8159,2846614.767,1664
156.9772,84.968,1.866,1.484,0.517505238,10.315,55.1573,0.796,2870610.661,1662.0081
157.1296,86.2684,1.8663,1.4894,0.540306673,10.3907,59.4527,0.8423,2873859.53,1668.988
157.282,92.1272,1.8022,1.501,0.643035866,10.3044,61.4201,0.8134,2777845.48,1671.48
157.4344,94.4205,1.7706,1.5101,0.683246978,10.3206,60.847,0.819,2731782.817,1666
157.5868,93.5569,1.7446,1.5099,0.668104469,10.2614,66.0575,0.8358,2694274.127,1667.5139
157.7392,90.9988,1.7825,1.5018,0.623250309,10.2701,62.167,0.8451,2755467.215,1668
157.8916,91.0038,1.7667,1.4931,0.62333798,10.2438,64.2017,0.8105,2733681.479,1668.5
158.044,89.3472,1.6756,1.4877,0.594290874,10.0246,67.481,0.8335,2595221.559,1666
158.1964,89.3253,1.6375,1.4842,0.593906876,10.0588,68.7285,0.8126,2538656.729,1666
158.3488,89.0939,1.6425,1.4792,0.589849469,10.0332,68.4945,0.8223,2548861.459,1667
158.5012,90.3776,1.7285,1.4733,0.612358083,9.9298,62.2434,0.8414,2684899.377,1666
158.6536,90.7876,1.7627,1.4706,0.619547092,10.3953,60.9296,0.9083,2740655.267,1666
158.806,88.3901,1.7514,1.4716,0.577508921,10.6741,59.3287,0.8308,2725701.718,1666.996
158.9584,88.7265,1.7378,1.4756,0.583407415,10.6904,59.5415,0.8624,2707131.494,1666.5
159.1108,87.6457,1.7173,1.4845,0.564456485,10.7116,57.816,0.8124,2677761.573,1667
159.2632,87.7466,1.73,1.4953,0.566225682,10.8352,59.0183,0.87,2700148.293,1673
159.4156,88.2342,1.7393,1.5006,0.574775343,10.7496,60.5076,0.8386,2717261.22,1669.004
159.568,82.6994,1.7642,1.4985,0.477727221,10.5829,57.3276,0.8064,2758796.683,1669
159.7204,85.7268,1.7914,1.4955,0.530810166,10.4708,59.961,0.8284,2804006.621,1665
159.8728,88.0788,1.808,1.4991,0.572050533,10.4739,59.6572,0.8127,2832690.22,1667
160.0252,92.4985,1.81,1.5059,0.649546303,10.5116,57.8765,0.7854,2838526.998,1670
160.1776,92.5099,1.8053,1.5061,0.649746193,10.3579,60.439,0.8442,2833852.489,1666
160.33,88.6838,1.8096,1.5033,0.582658706,10.2774,58.1495,0.7998,2843305.046,1670
160.4824,90.7269,1.8088,1.5065,0.618482768,10.2158,60.1325,0.7948,2844749.538,1671
160.6348,90.1301,1.7923,1.5159,0.608018376,10.1034,59.0908,0.8155,2821476.37,1671
160.7872,91.4798,1.7912,1.5252,0.631684245,10.1502,61.7147,0.8202,2822419.92,1667
160.9396,89.6366,1.7921,1.5232,0.599365263,10.1829,56.7348,0.823,2826514.6,1670
161.092,87.8388,1.8003,1.5114,0.567842333,10.3433,55.6358,0.8296,2842136.49,1671
161.2444,85.9608,1.7933,1.5061,0.534913162,10.3006,58.1448,0.9876,2833763.909,1671
161.3968,85.1555,1.777,1.5146,0.520792895,10.1805,56.3434,0.8438,2810660.713,1673.488
161.5492,85.6092,1.7642,1.5276,0.528748148,10.0124,59.8778,0.8823,2793049.967,1669
161.7016,86.2974,1.7385,1.53,0.540815164,9.7502,62.6792,0.975,2754958.67,1669
161.854,87.5497,1.7381,1.5172,0.562773204,9.611,59.4571,0.8974,2756920.687,1676
162.0064,88.919,1.7601,1.5025,0.586782743,9.6074,60.5648,0.9024,2794445.153,1665
162.1588,86.2853,1.7829,1.4973,0.540603,9.6693,58.6518,0.9697,2833306.66,1674.5
162.3112,89.0202,1.7861,1.4992,0.588557201,9.7473,60.8496,0.8908,2841059.536,1673
162.4636,88.1671,1.77,1.5074,0.573598801,9.7324,62.3336,0.8941,2818093.606,1672
162.616,90.2524,1.7708,1.5225,0.610162805,9.7999,56.3649,0.9088,2822012.045,1671
162.7684,86.963,1.7837,1.5411,0.552485907,9.8383,55.5371,0.9344,2845233.952,1670.5
162.9208,83.9349,1.7906,1.5581,0.499390688,9.8227,61.2054,0.9156,2858914.648,1672
163.0732,85.299,1.7875,1.5623,0.523309049,9.774,61.981,0.8987,2856634.781,1676
163.2256,86.0787,1.7858,1.5503,0.536980441,9.7081,62.4947,0.9151,2856585.11,1673
163.378,89.5656,1.8159,1.5334,0.598120337,9.8267,61.0788,0.9317,2907445.48,1672
163.5304,87.3059,1.8275,1.52,0.558498374,9.9215,57.9267,0.9413,2928747.699,1674
163.6828,86.9234,1.831,1.5093,0.551791554,10.0424,58.2439,0.9362,2937091.427,1672
163.8352,86.1316,1.804,1.4978,0.537907998,9.9384,60.5781,0.9416,2896475.268,1674
163.9876,87.8925,1.7965,1.4844,0.568783918,9.9322,60.4199,0.9245,2887116.489,1679
164.14,88.2979,1.7932,1.4741,0.57589227,9.8455,58.1909,0.8863,2884491.31,1677.976
164.2924,88.6816,1.8107,1.4733,0.582620131,9.9387,57.6121,0.913,2915345.637,1678
164.4448,87.3062,1.7972,1.4836,0.558503634,9.9785,58.4412,0.9204,2896293.907,1675
164.5972,84.7942,1.7915,1.4994,0.5144578,9.9924,57.8117,0.9233,2889783.661,1676
164.7496,83.4414,1.7754,1.5115,0.490737575,9.9192,58.7872,0.9494,2866465.11,1677.488
164.902,82.9914,1.7982,1.5105,0.482847198,9.8714,58.7846,0.9144,2905962.409,1676
165.0544,86.637,1.8109,1.4968,0.546769768,9.9079,57.9906,0.9521,2929190.727,1677
165.2068,86.5945,1.8011,1.4813,0.546024565,9.89,59.8956,0.9569,2916028.881,1675.5
165.3592,88.9144,1.7909,1.477,0.586702086,9.8928,61.294,0.9554,2902189.555,1675.5
165.5116,88.8701,1.7791,1.4872,0.585925322,9.8066,57.8313,0.9326,2885724.538,1677
165.664,89.5037,1.795,1.5011,0.597034972,9.7998,57.9967,0.9686,2914195.424,1676
165.8164,90.0119,1.793,1.5065,0.605945837,9.7287,59.7637,0.9342,2913626.291,1676.5
165.9688,91.1285,1.8027,1.5004,0.625524491,9.6638,58.9154,0.9638,2932081.166,1679
166.1212,88.1798,1.8019,1.4893,0.573821485,9.6411,60.6575,0.9259,2933471.145,1678
166.2736,85.5848,1.8274,1.4813,0.528320314,9.7902,56.0853,0.9095,2977714.091,1675.504
166.426,83.2796,1.8372,1.482,0.487900546,9.9695,60.6685,0.9261,2996426.903,1679.988
166.5784,85.7226,1.8401,1.4886,0.530736523,10.0823,59.7876,0.9246,3003904.956,1676.9921
166.7308,86.7607,1.8066,1.4976,0.548938744,9.8957,56.2907,0.9143,2951915.46,1677
166.8832,85.6525,1.7921,1.51,0.529507378,9.8493,58.4557,0.9238,2930899.551,1677.504
167.0356,85.5939,1.799,1.5212,0.528479875,9.8694,56.0694,0.9094,2944871.035,1679
167.188,85.7059,1.7958,1.5216,0.530443702,9.8827,55.6853,0.9066,2942314.862,1676.504
167.3404,88.5558,1.781,1.5061,0.580414332,9.7537,59.6366,0.9024,2920725.874,1677.0081
167.4928,89.1707,1.7543,1.484,0.591196093,9.6498,61.8839,0.9085,2879559.667,1679
167.6452,88.3636,1.7581,1.4699,0.577044265,9.723,60.7413,0.8979,2888422.856,1681
167.7976,87.6339,1.7721,1.4714,0.564249581,9.7573,57.2763,0.8887,2914070.444,1681
167.95,88.2601,1.784,1.4902,0.575229478,9.6565,61.5599,0.9047,2936303.44,1682.494
168.1024,87.2441,1.7976,1.516,0.557414762,9.7199,60.798,0.87,2961372.568,1678
168.2548,86.6427,1.8042,1.5304,0.546869712,9.8397,57.6623,0.9114,2974940.04,1679
168.4072,85.0574,1.8001,1.5263,0.519072793,10.0324,58.9075,0.8866,2970868.047,1680.0081
168.5596,88.9431,1.7968,1.5092,0.587205316,10.119,58.59,0.8915,2968105.315,1681
168.712,90.3811,1.7779,1.4913,0.612419452,10.1284,61.5051,0.8832,2939540.035,1681.5
168.8644,89.969,1.775,1.4837,0.605193621,10.0033,59.6892,0.8694,2937396.238,1680
169.0168,87.1367,1.7699,1.4851,0.555531592,9.9149,59.0794,0.8265,2931599.776,1684
169.1692,84.5841,1.7984,1.4921,0.510773871,9.9142,58.2865,0.8618,2981492.115,1682.498
169.3216,85.8283,1.7935,1.5003,0.532589885,9.9129,60.1299,0.8606,2976047.238,1683
169.474,88.1492,1.8108,1.501,0.573284939,9.9708,55.5093,0.832,3007458.488,1685
169.6264,89.0618,1.8142,1.4954,0.589286622,9.9873,58.7616,0.841,3015814.906,1684.5
169.7788,87.932,1.8374,1.4888,0.569476517,10.1377,59.5958,0.8014,3057125.358,1686.988
169.9312,86.1841,1.8351,1.4832,0.538828542,10.1695,56.0662,0.8697,3056039.302,1686
170.0836,84.6533,1.8312,1.4815,0.511987235,10.1774,52.9875,0.7695,3052279.466,1685.9919
170.236,84.6033,1.8247,1.4844,0.511110527,10.0692,58.0384,0.8434,3044170.366,1682
170.3884,82.237,1.8242,1.4906,0.469619421,10.0544,52.8096,0.7403,3046060.689,1684
170.5408,83.4943,1.809,1.5018,0.491665132,10.0136,55.1803,0.7607,3023381.411,1683.5
170.6932,85.8828,1.7995,1.5191,0.533545497,9.997,58.0334,0.7735,3010191.651,1685
170.8456,88.8849,1.7913,1.5348,0.586184828,9.8988,58.9933,0.7866,2999150.088,1685
170.998,88.2497,1.7915,1.5351,0.575047123,9.8671,57.2022,0.7505,3002160.587,1686.5
171.1504,86.1684,1.7987,1.5171,0.538553256,9.8949,60.7859,0.7433,3016912.6,1684
171.3028,85.0939,1.7921,1.4931,0.51971279,9.8589,59.5686,0.771,3008519.129,1684.5
171.4552,87.1343,1.7925,1.478,0.55548951,9.7162,59.386,0.7638,3011867.771,1685.5
171.6076,87.4875,1.8009,1.4794,0.561682579,9.6743,56.6298,0.7641,3028671.643,1683.5
171.76,86.4321,1.8132,1.4964,0.543177016,9.8212,57.6601,0.7526,3052065.274,1684
171.9124,83.7384,1.8182,1.5169,0.495945223,9.9567,57.996,0.7765,3063197.032,1686
172.0648,83.3316,1.7751,1.5216,0.488812323,9.9034,60.1288,0.7741,2993235.82,1687
172.2172,84.5524,1.7612,1.5112,0.510218037,9.7637,64.4762,0.7649,2972427.54,1684
172.3696,82.8341,1.7468,1.5039,0.480089074,9.7665,59.2447,0.7764,2950733.129,1685
172.522,82.0676,1.7848,1.5039,0.466649132,9.752,61.8898,0.7443,3017589.203,1689.4821
172.6744,81.9392,1.7826,1.5019,0.464397745,9.6914,58.8292,0.7692,3016531.977,1688
172.8268,84.1776,1.7937,1.4938,0.503646231,9.6523,62.6694,0.7298,3037994.425,1686
172.9792,83.0263,1.79,1.4896,0.483459141,9.728,58.2875,0.771,3034401.126,1685
173.1316,82.7016,1.811,1.5003,0.477765796,9.8856,59.6911,0.7323,3072705.01,1685
173.284,82.3357,1.8181,1.5215,0.471350043,9.8401,59.4742,0.754,3087466.876,1686.012
173.4364,86.4623,1.816,1.5386,0.543706548,9.8547,57.1106,0.742,3086612.924,1687
173.5888,87.2214,1.7788,1.544,0.557016736,9.6553,59.7782,0.7395,3026041.623,1690
173.7412,88.9279,1.7821,1.5442,0.586938797,9.7417,63.8528,0.7704,3034317.087,1688.498
173.8936,84.2946,1.7878,1.5482,0.505697728,9.6856,60.0532,0.7413,3046692.385,1690
174.046,81.5031,1.8384,1.55,0.456751094,9.9316,57.8112,0.7629,3135668.431,1690
174.1984,80.5214,1.8499,1.5435,0.439537799,9.9288,55.8358,0.7569,3158046.278,1689
174.3508,83.0383,1.8673,1.5338,0.483669551,10.1223,55.3699,0.7465,3190539.439,1689
174.5032,85.5246,1.8492,1.5208,0.527264757,10.175,56.4918,0.7499,3162374.911,1689
174.6556,85.4489,1.8375,1.5107,0.525937421,10.3004,58.9365,0.7458,3145110.717,1690
174.808,84.8752,1.825,1.5128,0.515878067,10.1101,56.9096,0.7539,3126441.08,1691
174.9604,84.2324,1.843,1.5237,0.504607103,10.1022,57.5089,0.7593,3160029.769,1694
175.1128,83.7009,1.8611,1.5302,0.495287692,9.9907,57.9293,0.7518,3193843.834,1690
175.2652,85.1397,1.8816,1.5171,0.520515855,10.0466,54.3408,0.7464,3231834.203,1690.5
175.4176,85.7116,1.8794,1.4932,0.530543647,10.0829,56.1781,0.7639,3230862.407,1693.5
175.57,87.8354,1.875,1.4799,0.567782717,10.156,54.5741,0.7443,3226098.75,1691
175.7224,89.2781,1.8146,1.4777,0.593079263,10.2438,60.972,0.7706,3124885.497,1694
175.8748,90.1057,1.7383,1.4764,0.607590542,10.0066,64.2188,0.7477,2996087.015,1692
176.0272,91.3451,1.7178,1.4759,0.629322392,10.1413,59.7101,0.7532,2963319.337,1696
176.1796,90.099,1.7377,1.4803,0.607473063,10.0995,62.7647,0.7322,3000243.451,1692.502
176.332,91.3639,1.8076,1.4866,0.629652034,10.1434,57.4235,0.7648,3123629.687,1692
176.4844,90.7535,1.8409,1.4927,0.618949177,10.2937,55.4709,0.7453,3183923.293,1695.5
176.6368,92.4732,1.8558,1.5008,0.649102689,10.5141,57.285,0.7546,3212465.22,1691.5179
176.7892,91.6649,1.8202,1.5092,0.634929819,10.3941,55.2894,0.7846,3153558.678,1692
176.9416,91.7161,1.7885,1.5169,0.635827569,10.1271,59.5913,0.775,3101308.506,1694
177.094,88.7446,1.7644,1.5254,0.583724784,9.7873,62.9839,0.7621,3062153.605,1697
177.2464,89.1492,1.7895,1.5332,0.590819109,9.6855,59.5996,0.7556,3108387.841,1695
177.3988,86.5767,1.7992,1.537,0.545712457,9.7122,57.239,0.7695,3127924.025,1693.0081
177.5512,87.0759,1.8109,1.5349,0.554465515,9.7319,61.5646,0.789,3150969.187,1694.5
177.7036,83.9983,1.8093,1.5295,0.500502354,9.7518,60.0232,0.7573,3150887.41,1692.0081
177.856,84.8046,1.7979,1.5264,0.514640155,9.6142,60.1953,0.7496,3133719.564,1696.004
178.0084,81.9826,1.8009,1.5269,0.465158728,9.6465,59.2234,0.7901,3141638.21,1697
178.1608,83.3444,1.8023,1.5274,0.48903676,9.6631,59.295,0.7489,3146772.256,1702.984
178.3132,80.4173,1.8178,1.528,0.437712492,9.756,56.2604,0.7683,3176549.803,1699
178.4656,84.2933,1.8297,1.5296,0.505674934,9.7293,59.8924,0.7787,3200077.382,1699
178.618,82.5831,1.8495,1.5299,0.475687997,9.8026,57.2778,0.7669,3237469.112,1698
178.7704,84.703,1.8746,1.5258,0.512858683,9.8768,54.2458,0.7566,3284205.32,1699
178.9228,83.1838,1.8683,1.5171,0.486220773,9.9232,57.9897,0.7814,3275958.379,1698
179.0752,82.4539,1.8568,1.5089,0.473422582,9.9207,58.5763,0.7533,3258566.947,1699.496
179.2276,81.8451,1.8287,1.5073,0.46274778,9.7847,57.4535,0.7451,3211984.419,1700
179.38,80.4664,1.8313,1.5134,0.43857342,9.8565,56.5136,0.7616,3219286.221,1698.5
179.5324,77.2157,1.8224,1.5218,0.381575094,9.8564,59.8167,0.7402,3206362.488,1700
179.6848,75.6066,1.8188,1.5278,0.353360862,9.8794,59.0794,0.7544,3202745,1699.004
179.8372,75.8162,1.8056,1.5269,0.357036024,9.7891,62.5013,0.7371,3182197.674,1699.502
179.9896,79.4169,1.8013,1.5173,0.420171309,9.717,59.2307,0.7283,3177309.612,1699
180.142,79.7631,1.801,1.5069,0.426241638,9.74,60.4093,0.7489,3179470.272,1702.488
180.2944,81.1404,1.8081,1.5025,0.45039145,9.8771,59.7395,0.733,3194704.985,1697
180.4468,82.7768,1.8107,1.506,0.479084366,9.9675,60.1574,0.7507,3202003.203,1700.5
180.5992,85.3246,1.8312,1.5144,0.523757923,10.1205,54.7187,0.7713,3240989.899,1703
180.7516,84.0658,1.8268,1.5213,0.50168591,10.108,61.0187,0.7456,3235930.824,1700
180.904,84.3733,1.8242,1.525,0.507077668,9.9813,59.0434,0.7643,3234049.753,1692.04
181.0564,83.6975,1.8157,1.5285,0.495228076,9.8276,61.0115,0.7917,3221692.234,1706
181.2088,82.5953,1.8047,1.5314,0.475901914,9.7736,58.0262,0.7343,3204869.709,1712.4462
181.3612,82.5602,1.8038,1.5324,0.475286464,9.8284,54.9585,0.7634,3205965.459,1700
181.5136,83.1953,1.7973,1.5319,0.486422416,9.7852,53.7258,0.7459,3197097.054,1700
181.666,84.9571,1.8082,1.5315,0.517314116,9.7366,53.7031,0.757,3219186.92,1702
181.8184,83.4906,1.8105,1.5327,0.491600256,9.7233,53.7306,0.7696,3225985.689,1702
181.9708,82.0452,1.799,1.535,0.466256367,9.6881,54.1549,0.8073,3208181.598,1700
